codigo_atc_id,principio_activo_id
890000248,7770001705
890000248,7770001683
890000248,7770003064
890000248,7770001395
890000247,7770001155
890000247,7770002725
890000247,7770002644
890000246,7770001750
890000246,7770001751
890000246,7770001752
890000246,7770001403
890000246,7770002724
890000246,7770000992
890000246,7770001106
890000246,7770002645
890000246,7770002272
890000245,7770001695
890000245,7770001699
890000245,7770001694
890000245,7770000748
890000245,7770000749
890000245,7770002739
890000245,7770001291
890000244,7770002881
890000244,7770002880
890000244,7770002907
890000244,7770002912
890000244,7770002887
890000244,7770002884
890000244,7770001628
890000244,7770001629
890000244,7770001625
890000244,7770001626
890000244,7770001682
890000244,7770001683
890000244,7770001693
890000244,7770001352
890000243,7770002905
890000243,7770002911
890000243,7770002909
890000243,7770002879
890000243,7770002914
890000243,7770002886
890000243,7770002883
890000243,7770001299
890000243,7770001692
890000243,7770002861
890000243,7770001627
890000243,7770000798
890000242,7770002917
890000242,7770001704
890000242,7770001705
890000241,7770002878
890000241,7770002910
890000241,7770002903
890000241,7770002897
890000241,7770002901
890000241,7770000797
890000241,7770003202
890000241,7770003203
890000240,7770002888
890000240,7770002889
890000240,7770002896
890000240,7770002898
890000240,7770002893
890000240,7770002903
890000240,7770002900
890000240,7770002902
890000240,7770002895
890000240,7770002885
890000240,7770002904
890000240,7770002892
890000240,7770002738
890000239,7770002878
890000239,7770002906
890000239,7770002899
890000239,7770002915
890000239,7770002916
890000239,7770001701
890000239,7770001702
890000239,7770001715
890000239,7770000799
890000238,7770002877
890000238,7770002876
890000238,7770002918
890000238,7770002875
890000237,7770002890
890000237,7770002913
890000237,7770001689
890000237,7770001691
890000237,7770001690
890000237,7770001631
890000237,7770001322
890000236,7770000143
890000236,7770001426
890000236,7770002400
890000236,7770001400
890000236,7770000314
890000235,7770000073
890000235,7770000074
890000235,7770001421
890000235,7770001423
890000235,7770001887
890000235,7770001424
890000235,7770001292
890000235,7770000072
890000235,7770001420
890000235,7770000075
890000235,7770001422
890000235,7770001296
890000235,7770001293
890000235,7770002306
890000235,7770002401
890000234,7770002820
890000234,7770002821
890000233,7770000062
890000233,7770000098
890000233,7770001685
890000233,7770000088
890000233,7770000091
890000233,7770000086
890000233,7770000043
890000233,7770000082
890000233,7770002025
890000233,7770000976
890000233,7770002056
890000233,7770001707
890000233,7770000090
890000233,7770001709
890000233,7770001714
890000233,7770001716
890000233,7770001717
890000233,7770001710
890000233,7770001687
890000233,7770001708
890000233,7770001684
890000233,7770001718
890000233,7770000084
890000233,7770000089
890000233,7770000085
890000233,7770000132
890000233,7770000081
890000233,7770000087
890000233,7770000083
890000233,7770001713
890000233,7770000114
890000233,7770001712
890000233,7770001137
890000233,7770001711
890000233,7770002583
890000233,7770001706
890000231,7770001485
890000231,7770001409
890000228,7770003047
890000228,7770001485
890000228,7770003193
890000228,7770002774
890000228,7770002823
890000228,7770002759
890000228,7770000565
890000228,7770002030
890000228,7770002744
890000228,7770000789
890000228,7770002769
890000228,7770001425
890000228,7770002830
890000228,7770003140
890000228,7770002656
890000228,7770000391
890000228,7770001597
890000228,7770002382
890000228,7770002023
890000228,7770000491
890000228,7770003036
890000228,7770002599
890000228,7770002735
890000228,7770002336
890000228,7770000364
890000227,7770001719
890000227,7770002140
890000227,7770001047
890000227,7770002510
890000227,7770002534
890000227,7770003024
890000227,7770002202
890000227,7770000964
890000227,7770002238
890000227,7770002592
890000227,7770002141
890000227,7770001167
890000227,7770000733
890000227,7770002407
890000227,7770001306
890000227,7770002822
890000227,7770001703
890000227,7770002201
890000227,7770000026
890000227,7770000938
890000227,7770001329
890000227,7770002026
890000227,7770000002
890000227,7770000768
890000227,7770000316
890000227,7770001489
890000227,7770001586
890000227,7770001382
890000227,7770000825
890000227,7770000824
890000227,7770000823
890000227,7770002495
890000227,7770002747
890000227,7770001791
890000227,7770001963
890000227,7770000869
890000227,7770001378
890000227,7770001819
890000227,7770000201
890000227,7770001379
890000227,7770002640
890000227,7770000560
890000227,7770002317
890000227,7770000979
890000227,7770001526
890000227,7770002209
890000226,7770002484
890000226,7770002488
890000226,7770000008
890000226,7770002094
890000226,7770002487
890000226,7770001662
890000226,7770000780
890000226,7770002923
890000226,7770001312
890000226,7770000243
890000226,7770003168
890000225,7770000860
890000225,7770002532
890000225,7770001561
890000225,7770001325
890000225,7770000386
890000224,7770000858
890000224,7770002529
890000224,7770000383
890000223,7770002157
890000223,7770002967
890000223,7770002499
890000223,7770000693
890000223,7770001542
890000223,7770001447
890000223,7770000621
890000223,7770000681
890000223,7770000248
890000222,7770001830
890000222,7770000751
890000222,7770000771
890000221,7770002532
890000221,7770001335
890000221,7770001561
890000221,7770003082
890000221,7770001344
890000221,7770000860
890000221,7770001325
890000220,7770001558
890000220,7770002529
890000220,7770000858
890000220,7770000383
890000219,7770000681
890000219,7770002207
890000219,7770000056
890000219,7770000034
890000219,7770000644
890000219,7770002410
890000219,7770002157
890000219,7770002967
890000219,7770000693
890000219,7770000037
890000219,7770002499
890000219,7770002667
890000219,7770002063
890000219,7770001447
890000219,7770000248
890000218,7770001502
890000218,7770002660
890000218,7770000737
890000218,7770001703
890000218,7770002766
890000218,7770001180
890000218,7770000189
890000218,7770000026
890000218,7770001700
890000218,7770001659
890000218,7770002143
890000218,7770000868
890000218,7770000186
890000218,7770001530
890000218,7770000052
890000218,7770001782
890000217,7770000078
890000217,7770001596
890000217,7770002610
890000216,7770001353
890000216,7770002693
890000215,7770002136
890000215,7770002976
890000215,7770003205
890000215,7770002318
890000215,7770001249
890000215,7770002293
890000215,7770000061
890000215,7770001811
890000215,7770000063
890000215,7770002151
890000215,7770001852
890000215,7770001064
890000215,7770000306
890000215,7770001765
890000215,7770002252
890000215,7770001091
890000214,7770000293
890000214,7770001119
890000214,7770002008
890000214,7770000596
890000214,7770001600
890000214,7770003132
890000214,7770001249
890000214,7770001053
890000214,7770001602
890000213,7770001092
890000213,7770000987
890000213,7770000255
890000213,7770000670
890000213,7770000432
890000213,7770001093
890000213,7770002429
890000213,7770000516
890000213,7770001046
890000213,7770000832
890000213,7770001306
890000213,7770002158
890000213,7770001362
890000213,7770000011
890000213,7770000027
890000213,7770002353
890000213,7770000023
890000213,7770000897
890000213,7770001021
890000213,7770000434
890000213,7770003006
890000213,7770000390
890000213,7770001809
890000213,7770002027
890000213,7770000551
890000213,7770000338
890000213,7770001794
890000213,7770003146
890000213,7770000410
890000213,7770003073
890000213,7770002855
890000213,7770001505
890000213,7770000811
890000212,7770000860
890000212,7770002532
890000212,7770001561
890000212,7770001351
890000212,7770000386
890000212,7770001325
890000212,7770001356
890000212,7770002018
890000212,7770000709
890000212,7770001341
890000212,7770000650
890000212,7770000858
890000212,7770002529
890000212,7770001558
890000212,7770000383
890000212,7770001354
890000212,7770000896
890000211,7770000858
890000211,7770001558
890000211,7770000791
890000211,7770002529
890000211,7770003079
890000211,7770000383
890000211,7770001354
890000211,7770001909
890000211,7770000649
890000211,7770000148
890000211,7770000852
890000211,7770001386
890000211,7770002675
890000211,7770001562
890000211,7770002533
890000211,7770001357
890000211,7770000387
890000211,7770001634
890000211,7770002311
890000211,7770000895
890000211,7770001370
890000211,7770001764
890000211,7770002470
890000211,7770000354
890000211,7770000109
890000211,7770002516
890000210,7770000681
890000210,7770000725
890000210,7770002157
890000210,7770002323
890000210,7770003035
890000210,7770001407
890000210,7770002967
890000210,7770002147
890000210,7770001447
890000210,7770003041
890000210,7770000071
890000210,7770000349
890000210,7770000950
890000210,7770002667
890000210,7770001115
890000210,7770002499
890000210,7770000225
890000210,7770000247
890000210,7770000202
890000210,7770002064
890000210,7770002162
890000210,7770001757
890000210,7770000307
890000210,7770000775
890000210,7770002805
890000210,7770002799
890000210,7770002794
890000210,7770002789
890000210,7770002798
890000210,7770001611
890000210,7770003098
890000210,7770000036
890000210,7770001671
890000210,7770003176
890000210,7770001217
890000210,7770001383
890000210,7770001432
890000210,7770001959
890000210,7770002481
890000210,7770003217
890000210,7770002207
890000210,7770000401
890000210,7770002657
890000210,7770000425
890000210,7770001542
890000210,7770000693
890000210,7770002585
890000210,7770002244
890000210,7770002227
890000210,7770000620
890000210,7770000890
890000210,7770002571
890000210,7770002422
890000210,7770001856
890000210,7770001697
890000210,7770001818
890000209,7770000766
890000209,7770001399
890000209,7770000771
890000209,7770001024
890000209,7770002188
890000209,7770002386
890000209,7770001163
890000209,7770000341
890000209,7770002541
890000209,7770000174
890000209,7770000961
890000209,7770001947
890000209,7770002308
890000208,7770000437
890000208,7770000916
890000208,7770000639
890000208,7770000692
890000208,7770000918
890000208,7770000528
890000208,7770001030
890000208,7770000439
890000208,7770000863
890000208,7770000969
890000208,7770000689
890000208,7770001255
890000208,7770000862
890000208,7770002857
890000208,7770000691
890000208,7770001945
890000208,7770001598
890000208,7770000715
890000208,7770003115
890000208,7770001982
890000208,7770003058
890000208,7770000165
890000208,7770002568
890000208,7770002993
890000208,7770001985
890000208,7770001582
890000208,7770002984
890000208,7770001952
890000208,7770002328
890000208,7770001742
890000208,7770000454
890000208,7770000582
890000208,7770000685
890000208,7770001906
890000208,7770002290
890000208,7770000568
890000208,7770001813
890000208,7770000324
890000208,7770000622
890000208,7770002935
890000208,7770001253
890000208,7770000246
890000208,7770003116
890000208,7770002472
890000208,7770000304
890000208,7770000280
890000208,7770002956
890000208,7770001866
890000208,7770001897
890000208,7770001765
890000208,7770000125
890000208,7770000306
890000208,7770003122
890000208,7770001044
890000208,7770002430
890000208,7770001091
890000208,7770002088
890000208,7770001298
890000208,7770000847
890000208,7770002703
890000207,7770000839
890000207,7770000838
890000207,7770002844
890000207,7770002843
890000206,7770001180
890000206,7770001557
890000206,7770000752
890000206,7770002261
890000206,7770002234
890000206,7770002236
890000206,7770001377
890000206,7770000874
890000206,7770002873
890000206,7770000963
890000206,7770000771
890000206,7770000374
890000206,7770000363
890000206,7770000651
890000206,7770001730
890000206,7770002393
890000206,7770002327
890000206,7770002294
890000206,7770000655
890000206,7770002440
890000206,7770000400
890000206,7770000474
890000206,7770001223
890000206,7770003221
890000206,7770000891
890000206,7770001041
890000206,7770002539
890000206,7770001035
890000206,7770000676
890000206,7770001950
890000206,7770002446
890000206,7770003028
890000206,7770002107
890000206,7770002160
890000206,7770001817
890000205,7770003003
890000205,7770001703
890000205,7770001503
890000205,7770001719
890000205,7770000185
890000205,7770002497
890000205,7770000249
890000205,7770000795
890000205,7770001511
890000205,7770000771
890000205,7770001827
890000205,7770000026
890000205,7770000440
890000205,7770000529
890000205,7770001100
890000205,7770001963
890000205,7770000195
890000205,7770002764
890000205,7770001015
890000205,7770001803
890000205,7770001135
890000205,7770003020
890000205,7770001020
890000205,7770002156
890000205,7770001107
890000204,7770000988
890000204,7770002950
890000204,7770002603
890000204,7770002946
890000204,7770000210
890000204,7770001161
890000204,7770002944
890000204,7770000323
890000204,7770000013
890000204,7770000459
890000204,7770001031
890000204,7770003200
890000204,7770002949
890000204,7770002947
890000204,7770000989
890000204,7770002951
890000204,7770002604
890000204,7770002948
890000204,7770000211
890000204,7770001162
890000204,7770003209
890000204,7770002515
890000204,7770002104
890000204,7770001603
890000204,7770000218
890000204,7770001103
890000204,7770001281
890000204,7770002254
890000204,7770002743
890000203,7770001053
890000203,7770001737
890000203,7770002052
890000203,7770002264
890000203,7770002709
890000203,7770002954
890000203,7770001265
890000203,7770001548
890000203,7770001733
890000203,7770002456
890000203,7770002553
890000203,7770003078
890000203,7770000541
890000203,7770003143
890000203,7770000321
890000203,7770000640
890000203,7770002647
890000202,7770000335
890000202,7770000455
890000202,7770001337
890000202,7770000383
890000202,7770001374
890000202,7770003079
890000202,7770002098
890000202,7770000580
890000202,7770001720
890000202,7770002326
890000202,7770001144
890000202,7770000445
890000202,7770000061
890000202,7770002152
890000202,7770001281
890000201,7770001092
890000201,7770001737
890000201,7770002264
890000201,7770002709
890000201,7770002954
890000201,7770001265
890000201,7770002676
890000201,7770001548
890000201,7770001733
890000201,7770002456
890000201,7770003078
890000201,7770000541
890000201,7770003143
890000201,7770002721
890000201,7770001387
890000201,7770000640
890000201,7770002647
890000201,7770002553
890000201,7770000421
890000201,7770001094
890000201,7770001738
890000201,7770001266
890000201,7770002710
890000201,7770002648
890000201,7770002722
890000201,7770001388
890000200,7770000193
890000200,7770000822
890000200,7770000900
890000200,7770000693
890000200,7770000567
890000200,7770000345
890000200,7770002078
890000200,7770000721
890000200,7770001544
890000200,7770000124
890000200,7770002321
890000200,7770001697
890000200,7770000365
890000200,7770000572
890000200,7770001542
890000200,7770001262
890000200,7770003168
890000200,7770002157
890000200,7770003035
890000200,7770001418
890000200,7770000318
890000200,7770001497
890000200,7770000371
890000200,7770001830
890000200,7770000751
890000200,7770000898
890000199,7770001252
890000199,7770002607
890000199,7770001249
890000198,7770000592
890000198,7770001053
890000198,7770001249
890000198,7770002318
890000198,7770002976
890000198,7770003205
890000198,7770002136
890000198,7770003068
890000198,7770002035
890000198,7770003139
890000198,7770001269
890000198,7770003004
890000198,7770001092
890000198,7770000061
890000198,7770001811
890000198,7770000306
890000198,7770000246
890000198,7770000063
890000198,7770003058
890000198,7770002151
890000198,7770002252
890000198,7770000335
890000198,7770002529
890000198,7770000858
890000198,7770001337
890000198,7770000455
890000198,7770000383
890000198,7770003039
890000198,7770001374
890000198,7770002098
890000198,7770003079
890000198,7770001558
890000198,7770003013
890000198,7770002660
890000198,7770001720
890000198,7770002678
890000198,7770002127
890000198,7770001542
890000198,7770001407
890000198,7770003168
890000198,7770000771
890000197,7770000603
890000197,7770000618
890000197,7770000820
890000197,7770002972
890000197,7770000911
890000197,7770000967
890000197,7770000892
890000197,7770000893
890000197,7770000966
890000197,7770001195
890000196,7770001002
890000196,7770002504
890000196,7770001966
890000196,7770000994
890000196,7770003030
890000196,7770000995
890000196,7770000658
890000196,7770001835
890000196,7770002459
890000196,7770000411
890000196,7770001267
890000196,7770002408
890000196,7770000370
890000196,7770002248
890000196,7770001886
890000196,7770000801
890000195,7770002167
890000195,7770000841
890000195,7770000901
890000194,7770001895
890000194,7770002977
890000194,7770000141
890000194,7770000584
890000194,7770001316
890000194,7770001236
890000194,7770002445
890000194,7770000908
890000194,7770002453
890000194,7770002288
890000194,7770001807
890000194,7770001753
890000194,7770002474
890000194,7770000337
890000193,7770002523
890000193,7770002286
890000193,7770002055
890000193,7770000420
890000193,7770002197
890000193,7770001138
890000193,7770003088
890000192,7770000369
890000192,7770001927
890000192,7770001139
890000192,7770002186
890000192,7770002207
890000192,7770001931
890000192,7770000019
890000192,7770002384
890000192,7770002846
890000192,7770001054
890000191,7770000710
890000191,7770001577
890000191,7770002545
890000191,7770000221
890000191,7770002563
890000191,7770000589
890000191,7770002622
890000191,7770001921
890000191,7770002464
890000191,7770000271
890000191,7770000269
890000191,7770000274
890000191,7770000272
890000191,7770000273
890000191,7770000270
890000191,7770001521
890000190,7770000447
890000190,7770000644
890000190,7770000721
890000190,7770003001
890000190,7770002057
890000190,7770003010
890000190,7770002270
890000190,7770000301
890000190,7770002577
890000190,7770002194
890000190,7770002733
890000190,7770000958
890000190,7770000638
890000190,7770001190
890000190,7770002874
890000190,7770000268
890000190,7770000922
890000190,7770001466
890000190,7770002624
890000190,7770001067
890000190,7770001219
890000190,7770001941
890000190,7770000291
890000190,7770003111
890000190,7770002942
890000190,7770000946
890000189,7770003032
890000189,7770002672
890000189,7770003198
890000189,7770002297
890000189,7770000200
890000189,7770002965
890000188,7770000380
890000188,7770000611
890000188,7770001336
890000188,7770000024
890000187,7770002172
890000187,7770001056
890000187,7770003165
890000187,7770000994
890000187,7770000527
890000187,7770000006
890000187,7770002142
890000187,7770000469
890000187,7770001971
890000187,7770001806
890000187,7770001854
890000186,7770002158
890000186,7770002461
890000186,7770000993
890000186,7770000194
890000186,7770002159
890000186,7770000516
890000186,7770000388
890000186,7770002429
890000186,7770000767
890000185,7770002851
890000185,7770001017
890000185,7770002683
890000185,7770001428
890000185,7770001939
890000185,7770001453
890000184,7770000217
890000184,7770001936
890000183,7770000238
890000183,7770000861
890000183,7770001980
890000183,7770002011
890000183,7770002372
890000183,7770001238
890000183,7770002090
890000183,7770001273
890000183,7770000287
890000183,7770000490
890000183,7770002578
890000183,7770001905
890000183,7770002467
890000183,7770002452
890000183,7770000818
890000183,7770001305
890000183,7770000629
890000183,7770002322
890000183,7770002465
890000183,7770001841
890000183,7770002213
890000183,7770000244
890000183,7770000025
890000183,7770001610
890000183,7770002564
890000183,7770002450
890000183,7770002512
890000183,7770000133
890000183,7770003189
890000182,7770000845
890000182,7770001619
890000182,7770001620
890000182,7770000667
890000182,7770002262
890000182,7770003112
890000182,7770001853
890000182,7770000887
890000182,7770000216
890000182,7770002235
890000182,7770002600
890000182,7770001027
890000182,7770001723
890000182,7770001935
890000182,7770000484
890000182,7770001022
890000182,7770001725
890000182,7770001724
890000182,7770002089
890000182,7770003053
890000182,7770002325
890000182,7770003119
890000182,7770002060
890000182,7770002215
890000182,7770003074
890000182,7770002153
890000182,7770002074
890000182,7770000407
890000182,7770003178
890000182,7770002282
890000182,7770002079
890000182,7770001908
890000182,7770002982
890000182,7770002477
890000182,7770003171
890000182,7770002071
890000182,7770002642
890000182,7770001449
890000182,7770001042
890000182,7770000138
890000182,7770000857
890000181,7770002389
890000181,7770000220
890000181,7770000481
890000181,7770000326
890000181,7770000258
890000181,7770002734
890000181,7770002858
890000181,7770003186
890000181,7770003180
890000181,7770000583
890000181,7770001537
890000181,7770002040
890000181,7770001545
890000181,7770003019
890000181,7770001159
890000181,7770000176
890000181,7770002602
890000181,7770000327
890000181,7770000328
890000181,7770001552
890000181,7770000679
890000181,7770001553
890000181,7770000899
890000181,7770002350
890000181,7770001369
890000181,7770002205
890000181,7770001338
890000181,7770001134
890000181,7770003085
890000181,7770001869
890000181,7770002929
890000181,7770002065
890000181,7770000446
890000181,7770002608
890000181,7770001864
890000181,7770001026
890000181,7770000616
890000181,7770001490
890000181,7770002029
890000181,7770002466
890000181,7770003229
890000181,7770003226
890000181,7770003211
890000181,7770001949
890000181,7770001970
890000181,7770002015
890000181,7770000664
890000181,7770001065
890000181,7770000981
890000180,7770000884
890000180,7770000686
890000180,7770001907
890000180,7770002291
890000180,7770000683
890000180,7770001867
890000180,7770000240
890000180,7770000436
890000180,7770000645
890000180,7770001761
890000180,7770002522
890000180,7770000182
890000180,7770001519
890000180,7770002435
890000180,7770000500
890000180,7770002217
890000180,7770001323
890000180,7770001855
890000180,7770001188
890000180,7770000744
890000180,7770000747
890000180,7770003044
890000180,7770001585
890000180,7770000513
890000180,7770001949
890000180,7770001068
890000180,7770001898
890000180,7770000372
890000180,7770000471
890000180,7770001919
890000180,7770001436
890000180,7770001172
890000179,7770000718
890000179,7770001820
890000179,7770002565
890000179,7770000018
890000179,7770003097
890000179,7770000575
890000179,7770000717
890000179,7770001003
890000179,7770001328
890000179,7770002399
890000179,7770002555
890000179,7770003021
890000179,7770003095
890000179,7770000032
890000179,7770003022
890000179,7770000476
890000179,7770002396
890000179,7770002404
890000179,7770003023
890000179,7770001964
890000179,7770002449
890000179,7770001523
890000179,7770003096
890000179,7770001938
890000179,7770002105
890000179,7770000444
890000179,7770000362
890000179,7770001034
890000179,7770001315
890000179,7770002320
890000179,7770002096
890000179,7770002746
890000179,7770003222
890000179,7770001364
890000179,7770000675
890000179,7770000720
890000179,7770003026
890000179,7770003232
890000179,7770001372
890000179,7770002431
890000179,7770002377
890000179,7770001851
890000179,7770002598
890000179,7770002677
890000179,7770000743
890000179,7770002113
890000179,7770003231
890000179,7770000266
890000179,7770002333
890000178,7770001814
890000178,7770001815
890000178,7770001816
890000178,7770001932
890000178,7770001933
890000178,7770001179
890000178,7770000192
890000178,7770000442
890000178,7770002402
890000178,7770000947
890000178,7770002690
890000178,7770002511
890000178,7770000486
890000178,7770000254
890000178,7770002736
890000178,7770003048
890000178,7770001085
890000178,7770000456
890000177,7770003101
890000177,7770000413
890000177,7770002034
890000177,7770002554
890000177,7770002557
890000177,7770000864
890000177,7770001245
890000177,7770001893
890000177,7770000426
890000177,7770003130
890000177,7770001165
890000177,7770002265
890000177,7770000366
890000177,7770001174
890000176,7770002012
890000176,7770001259
890000176,7770002546
890000176,7770000325
890000176,7770001984
890000176,7770001201
890000176,7770001257
890000176,7770000204
890000176,7770001916
890000176,7770001396
890000176,7770001258
890000176,7770001917
890000176,7770002351
890000176,7770003106
890000176,7770001157
890000176,7770001199
890000176,7770001282
890000176,7770001967
890000176,7770001200
890000176,7770000669
890000176,7770000517
890000176,7770002292
890000176,7770002701
890000176,7770001121
890000176,7770000119
890000176,7770003158
890000176,7770000047
890000176,7770003177
890000176,7770002558
890000176,7770002979
890000176,7770002840
890000176,7770001227
890000176,7770001785
890000176,7770001224
890000176,7770003059
890000176,7770001419
890000176,7770001241
890000176,7770001808
890000176,7770003228
890000176,7770002536
890000176,7770001141
890000176,7770001773
890000176,7770000544
890000176,7770002659
890000176,7770002395
890000176,7770000334
890000175,7770000949
890000175,7770001112
890000175,7770002033
890000175,7770001850
890000175,7770001114
890000175,7770001113
890000175,7770001330
890000175,7770002841
890000175,7770002145
890000175,7770003225
890000175,7770002684
890000175,7770000175
890000175,7770001063
890000175,7770001408
890000175,7770002480
890000175,7770000670
890000175,7770001721
890000175,7770000971
890000175,7770002296
890000174,7770000038
890000174,7770000181
890000174,7770002715
890000174,7770002720
890000174,7770002712
890000174,7770002723
890000174,7770001168
890000174,7770002718
890000174,7770000983
890000174,7770000360
890000174,7770000926
890000174,7770002719
890000174,7770001501
890000174,7770000518
890000174,7770002717
890000174,7770000041
890000174,7770002714
890000174,7770001170
890000174,7770000986
890000174,7770000519
890000174,7770000040
890000174,7770002713
890000174,7770001169
890000174,7770000985
890000174,7770001232
890000174,7770001976
890000174,7770000207
890000174,7770002580
890000174,7770002182
890000174,7770001234
890000174,7770001977
890000174,7770000209
890000174,7770002582
890000174,7770001233
890000174,7770001975
890000174,7770000208
890000174,7770002581
890000174,7770002346
890000174,7770001228
890000174,7770000449
890000174,7770002569
890000174,7770002348
890000174,7770001230
890000174,7770000451
890000174,7770002347
890000174,7770001229
890000174,7770000450
890000174,7770002674
890000174,7770001455
890000174,7770001311
890000174,7770003179
890000174,7770002154
890000174,7770001366
890000173,7770002108
890000173,7770002260
890000173,7770001569
890000173,7770002170
890000173,7770002301
890000173,7770000945
890000173,7770000882
890000173,7770002344
890000173,7770000754
890000173,7770000753
890000173,7770000569
890000173,7770002421
890000173,7770001283
890000173,7770002420
890000173,7770002419
890000173,7770000875
890000173,7770002469
890000173,7770000876
890000173,7770000333
890000173,7770001972
890000173,7770000878
890000173,7770000877
890000173,7770002385
890000173,7770001231
890000173,7770000469
890000173,7770000483
890000173,7770002139
890000173,7770002109
890000173,7770000570
890000173,7770002418
890000173,7770001570
890000173,7770003002
890000173,7770003066
890000173,7770000880
890000173,7770003067
890000172,7770001968
890000172,7770002550
890000172,7770002966
890000172,7770000716
890000172,7770000371
890000172,7770000467
890000172,7770001830
890000172,7770001946
890000172,7770002544
890000172,7770000475
890000172,7770000612
890000172,7770001171
890000172,7770000275
890000172,7770002691
890000172,7770001810
890000172,7770000771
890000172,7770000751
890000172,7770001176
890000172,7770000898
890000172,7770001262
890000172,7770000512
890000171,7770000910
890000171,7770003187
890000171,7770001525
890000171,7770000707
890000171,7770002053
890000171,7770001079
890000171,7770003092
890000171,7770001734
890000171,7770000844
890000171,7770002748
890000171,7770002040
890000171,7770001545
890000171,7770003019
890000171,7770002146
890000171,7770001034
890000171,7770001759
890000171,7770002572
890000171,7770000157
890000171,7770001196
890000171,7770002587
890000171,7770002297
890000171,7770002309
890000171,7770001120
890000170,7770001571
890000170,7770002623
890000170,7770002609
890000170,7770003118
890000170,7770000078
890000169,7770000065
890000169,7770000059
890000169,7770000104
890000169,7770000044
890000169,7770000112
890000169,7770000080
890000169,7770000108
890000169,7770000120
890000169,7770000066
890000169,7770000888
890000169,7770001105
890000169,7770001722
890000169,7770000694
890000168,7770000178
890000168,7770003038
890000168,7770000179
890000168,7770002548
890000168,7770002829
890000168,7770000367
890000168,7770001731
890000168,7770000757
890000168,7770000613
890000168,7770003148
890000167,7770000808
890000166,7770001276
890000166,7770000545
890000166,7770002036
890000166,7770001140
890000166,7770001222
890000166,7770001278
890000166,7770000547
890000166,7770002038
890000166,7770001277
890000166,7770000546
890000166,7770002037
890000166,7770000702
890000166,7770000740
890000166,7770000704
890000166,7770000742
890000166,7770000703
890000166,7770000741
890000166,7770002267
890000166,7770002266
890000166,7770000319
890000166,7770003040
890000166,7770002542
890000166,7770003054
890000166,7770003015
890000166,7770001915
890000166,7770002975
890000166,7770000585
890000166,7770001256
890000165,7770000149
890000165,7770003142
890000165,7770000968
890000165,7770002848
890000165,7770002337
890000165,7770001427
890000165,7770003170
890000165,7770000292
890000165,7770001541
890000165,7770002441
890000165,7770001023
890000165,7770001221
890000165,7770002686
890000165,7770002087
890000165,7770000626
890000165,7770000430
890000164,7770001246
890000164,7770002093
890000164,7770000659
890000164,7770002312
890000164,7770000347
890000164,7770001191
890000164,7770002470
890000164,7770001225
890000164,7770000458
890000164,7770001763
890000164,7770000354
890000164,7770002144
890000164,7770001604
890000164,7770001285
890000164,7770000895
890000164,7770001289
890000164,7770000102
890000164,7770000096
890000164,7770001370
890000164,7770003050
890000164,7770002849
890000164,7770001634
890000164,7770002182
890000164,7770003046
890000164,7770000965
890000164,7770003168
890000163,7770002300
890000163,7770000297
890000163,7770000299
890000163,7770000295
890000163,7770000296
890000163,7770000298
890000163,7770002378
890000163,7770000452
890000162,7770001247
890000162,7770000984
890000162,7770000039
890000161,7770001246
890000161,7770002093
890000161,7770002312
890000161,7770000659
890000161,7770001758
890000161,7770001634
890000161,7770002835
890000161,7770003050
890000161,7770003227
890000161,7770000895
890000161,7770000147
890000161,7770000462
890000161,7770001189
890000161,7770001859
890000161,7770001285
890000161,7770000016
890000161,7770000921
890000161,7770002285
890000161,7770002561
890000161,7770001764
890000161,7770000012
890000161,7770000458
890000161,7770002470
890000161,7770002943
890000161,7770001040
890000161,7770001870
890000161,7770001937
890000161,7770001604
890000161,7770002144
890000161,7770001763
890000161,7770001264
890000161,7770001237
890000161,7770000361
890000161,7770002845
890000161,7770002471
890000161,7770001370
890000161,7770001635
890000161,7770000110
890000161,7770002289
890000161,7770001605
890000161,7770000866
890000161,7770001339
890000161,7770000173
890000161,7770000867
890000161,7770000097
890000161,7770000115
890000161,7770000067
890000161,7770000096
890000161,7770002131
890000161,7770000102
890000161,7770000303
890000161,7770001486
890000161,7770000347
890000161,7770001487
890000161,7770002556
890000161,7770002268
890000161,7770002192
890000161,7770001289
890000161,7770000881
890000161,7770002111
890000161,7770002937
890000161,7770002280
890000161,7770000785
890000160,7770000599
890000160,7770002128
890000160,7770001647
890000160,7770001655
890000160,7770002853
890000160,7770000099
890000160,7770000803
890000160,7770000330
890000160,7770002761
890000160,7770001166
890000160,7770001637
890000160,7770001798
890000160,7770000231
890000160,7770000153
890000160,7770000135
890000160,7770000127
890000160,7770001207
890000160,7770001512
890000160,7770001050
890000160,7770000564
890000160,7770002852
890000160,7770000305
890000160,7770002859
890000160,7770002050
890000159,7770001303
890000159,7770002095
890000159,7770002731
890000159,7770001799
890000159,7770000233
890000159,7770002367
890000159,7770001672
890000159,7770001677
890000159,7770001680
890000159,7770001673
890000159,7770001674
890000159,7770001675
890000159,7770001678
890000159,7770001679
890000159,7770001676
890000159,7770002369
890000159,7770002368
890000159,7770000150
890000159,7770002263
890000159,7770001800
890000159,7770002692
890000159,7770003154
890000159,7770002364
890000159,7770002428
890000159,7770002489
890000159,7770002490
890000159,7770003009
890000159,7770001639
890000159,7770002868
890000159,7770003155
890000159,7770001457
890000158,7770002862
890000158,7770003062
890000158,7770001412
890000158,7770001373
890000158,7770002190
890000158,7770000402
890000158,7770000212
890000158,7770001385
890000158,7770000232
890000158,7770001804
890000158,7770003196
890000158,7770001208
890000157,7770000909
890000157,7770002496
890000157,7770001181
890000157,7770001397
890000157,7770001924
890000157,7770001912
890000157,7770001451
890000157,7770000470
890000157,7770001805
890000157,7770001496
890000157,7770003120
890000156,7770000627
890000156,7770000538
890000156,7770002284
890000156,7770002552
890000156,7770001049
890000156,7770002681
890000156,7770003072
890000156,7770000154
890000156,7770001446
890000156,7770000574
890000156,7770000392
890000156,7770002339
890000156,7770000556
890000156,7770002243
890000156,7770002507
890000156,7770003175
890000156,7770001999
890000156,7770000049
890000156,7770002932
890000156,7770001051
890000156,7770001616
890000156,7770001439
890000156,7770001118
890000156,7770002842
890000156,7770002773
890000156,7770000816
890000156,7770001792
890000156,7770002189
890000156,7770002934
890000156,7770001207
890000156,7770002360
890000156,7770000229
890000156,7770000277
890000156,7770000188
890000156,7770001576
890000156,7770001860
890000156,7770002391
890000156,7770002073
890000156,7770001892
890000156,7770001145
890000156,7770003077
890000156,7770002083
890000156,7770003060
890000156,7770002985
890000156,7770001728
890000156,7770000169
890000156,7770002085
890000156,7770002366
890000156,7770000398
890000156,7770000267
890000156,7770000837
890000156,7770000427
890000156,7770000558
890000155,7770000804
890000155,7770001032
890000155,7770000817
890000155,7770001095
890000155,7770000123
890000155,7770003230
890000155,7770001609
890000155,7770002086
890000155,7770002454
890000155,7770003159
890000155,7770000422
890000155,7770002483
890000155,7770002084
890000155,7770001754
890000154,7770003181
890000154,7770003184
890000154,7770003185
890000154,7770003188
890000154,7770001198
890000154,7770002938
890000154,7770000834
890000154,7770002332
890000154,7770001007
890000154,7770003065
890000153,7770002050
890000153,7770002632
890000153,7770002371
890000153,7770001954
890000153,7770003017
890000153,7770000635
890000153,7770001321
890000153,7770000628
890000153,7770001358
890000153,7770002920
890000153,7770000548
890000153,7770001442
890000153,7770000510
890000153,7770000300
890000153,7770000821
890000152,7770000588
890000152,7770000680
890000152,7770001934
890000152,7770000701
890000152,7770001614
890000152,7770003123
890000152,7770002528
890000152,7770000472
890000152,7770003075
890000152,7770001890
890000152,7770003025
890000152,7770003084
890000152,7770000531
890000152,7770000549
890000152,7770001858
890000152,7770002742
890000152,7770001150
890000152,7770001406
890000152,7770002195
890000152,7770002637
890000152,7770001194
890000152,7770002082
890000152,7770002448
890000152,7770002933
890000152,7770000802
890000151,7770000933
890000151,7770000932
890000151,7770000934
890000151,7770001517
890000151,7770000930
890000151,7770000928
890000151,7770000931
890000151,7770001516
890000151,7770000929
890000150,7770001076
890000150,7770001075
890000150,7770001638
890000150,7770003191
890000150,7770001536
890000150,7770001535
890000150,7770000771
890000150,7770002727
890000150,7770002728
890000150,7770002729
890000150,7770002730
890000150,7770002359
890000150,7770002502
890000150,7770002503
890000150,7770002501
890000150,7770002628
890000150,7770002699
890000150,7770002700
890000150,7770003167
890000149,7770000252
890000149,7770000448
890000149,7770000759
890000149,7770000761
890000149,7770000760
890000149,7770000936
890000149,7770001518
890000149,7770001515
890000149,7770001514
890000149,7770002414
890000149,7770002412
890000149,7770002415
890000149,7770002413
890000149,7770002417
890000149,7770003141
890000149,7770002997
890000149,7770002996
890000149,7770002995
890000149,7770002994
890000149,7770002998
890000148,7770001657
890000148,7770001658
890000148,7770001640
890000148,7770001653
890000148,7770001641
890000148,7770001646
890000148,7770001650
890000148,7770001651
890000148,7770001654
890000148,7770001644
890000148,7770001642
890000148,7770001643
890000148,7770001645
890000148,7770001656
890000148,7770001649
890000148,7770001652
890000148,7770001648
890000148,7770002334
890000148,7770000771
890000148,7770002149
890000147,7770000935
890000147,7770002964
890000147,7770002783
890000147,7770000429
890000147,7770001433
890000147,7770000250
890000146,7770002032
890000146,7770000036
890000146,7770001611
890000146,7770003176
890000146,7770002663
890000146,7770001432
890000146,7770001217
890000146,7770003156
890000146,7770000602
890000146,7770002376
890000146,7770003157
890000146,7770001767
890000146,7770002673
890000146,7770003127
890000146,7770001389
890000146,7770001402
890000146,7770002726
890000146,7770001624
890000146,7770002680
890000146,7770002155
890000146,7770000227
890000146,7770001863
890000146,7770003212
890000146,7770000904
890000146,7770003210
890000146,7770001133
890000146,7770001783
890000146,7770000003
890000146,7770002941
890000146,7770000129
890000146,7770001069
890000146,7770001086
890000146,7770002924
890000146,7770000641
890000146,7770000771
890000146,7770002163
890000146,7770000831
890000146,7770001052
890000146,7770001203
890000146,7770003214
890000146,7770001784
890000146,7770002940
890000146,7770003215
890000146,7770003213
890000146,7770001070
890000146,7770002112
890000146,7770001849
890000146,7770001660
890000146,7770002482
890000146,7770001080
890000146,7770002631
890000146,7770001891
890000145,7770000654
890000145,7770000813
890000145,7770000151
890000144,7770000051
890000144,7770000214
890000144,7770000213
890000144,7770000598
890000144,7770002668
890000144,7770002667
890000144,7770002666
890000144,7770002669
890000144,7770000511
890000144,7770001736
890000144,7770002597
890000144,7770003012
890000144,7770001185
890000144,7770002455
890000144,7770001160
890000144,7770002958
890000144,7770002110
890000143,7770000199
890000143,7770001513
890000143,7770002063
890000143,7770001762
890000143,7770001320
890000143,7770001748
890000143,7770003195
890000143,7770001317
890000143,7770000554
890000143,7770002062
890000143,7770000241
890000142,7770003163
890000142,7770002922
890000142,7770000769
890000142,7770002499
890000142,7770000071
890000142,7770002057
890000142,7770003010
890000142,7770002270
890000142,7770002208
890000142,7770002187
890000142,7770001401
890000142,7770003204
890000142,7770000663
890000142,7770001127
890000142,7770001986
890000142,7770000095
890000142,7770002211
890000142,7770001840
890000141,7770002379
890000141,7770002832
890000141,7770000557
890000141,7770001129
890000140,7770001147
890000140,7770001146
890000140,7770003041
890000140,7770001447
890000140,7770001757
890000140,7770002157
890000140,7770000202
890000140,7770002162
890000140,7770002763
890000140,7770000886
890000140,7770002665
890000140,7770001729
890000139,7770001115
890000139,7770001128
890000139,7770002066
890000139,7770002247
890000139,7770002698
890000139,7770001755
890000139,7770003125
890000139,7770000636
890000139,7770000309
890000139,7770002077
890000139,7770002687
890000139,7770000990
890000139,7770001371
890000139,7770002925
890000139,7770000643
890000139,7770001834
890000139,7770002547
890000139,7770002626
890000138,7770003110
890000138,7770000435
890000138,7770002801
890000138,7770002805
890000138,7770002796
890000138,7770002816
890000138,7770002799
890000138,7770002814
890000138,7770002818
890000138,7770002819
890000138,7770000771
890000138,7770002807
890000138,7770002790
890000138,7770002812
890000138,7770002795
890000138,7770002802
890000138,7770002806
890000138,7770002809
890000138,7770002810
890000138,7770002815
890000138,7770002804
890000138,7770002798
890000138,7770002803
890000138,7770002808
890000138,7770002793
890000138,7770002811
890000138,7770002813
890000138,7770002797
890000138,7770002792
890000137,7770000311
890000136,7770000225
890000136,7770002478
890000136,7770000521
890000136,7770000223
890000136,7770000543
890000136,7770000317
890000136,7770001089
890000136,7770002479
890000136,7770000310
890000136,7770002059
890000136,7770001903
890000136,7770002443
890000136,7770002987
890000136,7770001978
890000136,7770002856
890000136,7770002785
890000136,7770002931
890000136,7770001539
890000136,7770000771
890000136,7770000349
890000136,7770001271
890000136,7770002579
890000136,7770000308
890000136,7770001240
890000136,7770002373
890000136,7770000665
890000136,7770000350
890000136,7770000351
890000136,7770001272
890000136,7770000902
890000136,7770000746
890000136,7770001995
890000136,7770002281
890000136,7770001319
890000136,7770002784
890000136,7770002872
890000136,7770000226
890000136,7770000224
890000136,7770002988
890000136,7770002839
890000136,7770002444
890000136,7770000777
890000135,7770000681
890000135,7770002983
890000134,7770000833
890000134,7770001029
890000134,7770000725
890000134,7770001832
890000134,7770001969
890000134,7770002323
890000134,7770002967
890000134,7770002075
890000134,7770002688
890000134,7770002380
890000134,7770000668
890000134,7770002999
890000134,7770002968
890000133,7770000496
890000133,7770000498
890000133,7770000497
890000133,7770001059
890000133,7770000610
890000133,7770002356
890000133,7770001028
890000132,7770002354
890000132,7770002957
890000131,7770001478
890000129,7770002024
890000129,7770002584
890000129,7770000352
890000129,7770000526
890000129,7770002980
890000129,7770002398
890000129,7770000955
890000129,7770000889
890000128,7770001825
890000128,7770001843
890000128,7770001826
890000128,7770003031
890000128,7770001456
890000127,7770003102
890000126,7770002016
890000125,7770000152
890000125,7770001324
890000125,7770000854
890000125,7770000383
890000125,7770000858
890000125,7770001348
890000125,7770002016
890000125,7770002352
890000125,7770002529
890000125,7770002535
890000125,7770003079
890000125,7770001558
890000125,7770000791
890000125,7770002527
890000125,7770002675
890000125,7770000827
890000125,7770000678
890000125,7770001948
890000125,7770000792
890000124,7770001492
890000124,7770002135
890000124,7770001599
890000124,7770002770
890000124,7770002242
890000124,7770001787
890000124,7770001434
890000124,7770000573
890000123,7770003169
890000123,7770000848
890000123,7770001844
890000123,7770002959
890000123,7770000265
890000123,7770000836
890000123,7770002324
890000123,7770000525
890000122,7770000790
890000122,7770002969
890000122,7770003037
890000122,7770002771
890000122,7770002772
890000122,7770001902
890000122,7770002744
890000122,7770002370
890000121,7770000158
890000121,7770002863
890000121,7770002952
890000121,7770002755
890000121,7770000159
890000121,7770002864
890000121,7770001304
890000121,7770001043
890000121,7770002606
890000121,7770002706
890000121,7770001942
890000120,7770000727
890000120,7770000730
890000120,7770001065
890000120,7770001308
890000120,7770001929
890000120,7770002299
890000120,7770002960
890000120,7770002586
890000120,7770003057
890000120,7770002767
890000120,7770003134
890000120,7770000815
890000120,7770001297
890000120,7770000184
890000120,7770002345
890000120,7770002750
890000120,7770003208
890000120,7770001287
890000120,7770002118
890000120,7770000254
890000120,7770002854
890000120,7770003164
890000120,7770000771
890000120,7770001579
890000120,7770000042
890000120,7770001235
890000120,7770002781
890000120,7770000756
890000120,7770002716
890000120,7770000965
890000120,7770000812
890000119,7770000807
890000119,7770001452
890000119,7770002068
890000119,7770002630
890000118,7770001493
890000118,7770001494
890000118,7770001495
890000118,7770003151
890000118,7770001380
890000118,7770001381
890000118,7770001875
890000118,7770000788
890000118,7770000787
890000118,7770000771
890000118,7770000587
890000118,7770000666
890000118,7770001090
890000117,7770002220
890000117,7770001584
890000117,7770001187
890000117,7770002560
890000117,7770002014
890000117,7770001183
890000117,7770001837
890000117,7770001925
890000117,7770002222
890000117,7770002231
890000117,7770001822
890000117,7770001913
890000117,7770002229
890000117,7770000905
890000117,7770000907
890000117,7770003105
890000117,7770001036
890000117,7770000699
890000117,7770002224
890000117,7770001911
890000117,7770000850
890000116,7770002022
890000116,7770002963
890000116,7770002518
890000116,7770002021
890000115,7770001451
890000115,7770001912
890000115,7770001583
890000115,7770002559
890000115,7770000951
890000115,7770001924
890000115,7770001910
890000115,7770002214
890000115,7770000835
890000115,7770000698
890000115,7770002566
890000115,7770000164
890000115,7770002223
890000115,7770001839
890000115,7770001186
890000115,7770001768
890000115,7770001182
890000115,7770002010
890000114,7770001181
890000114,7770001142
890000114,7770001151
890000114,7770000713
890000114,7770001154
890000114,7770002567
890000114,7770001143
890000114,7770001153
890000114,7770000906
890000114,7770000909
890000114,7770001974
890000114,7770002116
890000113,7770001363
890000113,7770002021
890000113,7770002962
890000113,7770001965
890000113,7770000235
890000112,7770001184
890000112,7770002618
890000112,7770001838
890000112,7770001926
890000112,7770002225
890000112,7770002232
890000112,7770001823
890000112,7770001914
890000112,7770000851
890000112,7770001450
890000112,7770002230
890000112,7770001037
890000112,7770002218
890000112,7770000700
890000112,7770002223
890000112,7770001836
890000112,7770001821
890000112,7770002617
890000112,7770001924
890000112,7770001912
890000112,7770002233
890000112,7770001197
890000112,7770000849
890000111,7770002679
890000111,7770000457
890000111,7770001265
890000111,7770000442
890000111,7770001850
890000111,7770000486
890000111,7770002611
890000111,7770001988
890000111,7770001604
890000111,7770002144
890000111,7770000347
890000111,7770001339
890000111,7770000290
890000110,7770000999
890000110,7770001000
890000110,7770001001
890000110,7770000242
890000109,7770002006
890000109,7770001111
890000109,7770001110
890000109,7770002007
890000109,7770000974
890000109,7770000975
890000109,7770001443
890000109,7770000539
890000109,7770002838
890000107,7770002199
890000107,7770002147
890000107,7770000199
890000107,7770000506
890000107,7770000681
890000107,7770001513
890000107,7770002323
890000107,7770000542
890000107,7770001942
890000107,7770000643
890000107,7770002383
890000107,7770000019
890000107,7770000954
890000107,7770000644
890000107,7770000721
890000107,7770000822
890000107,7770000447
890000107,7770002321
890000107,7770000092
890000107,7770000037
890000107,7770000052
890000107,7770002828
890000107,7770002831
890000107,7770002057
890000107,7770000745
890000107,7770002063
890000107,7770001045
890000107,7770002270
890000107,7770001732
890000107,7770003016
890000107,7770001762
890000107,7770001286
890000107,7770000301
890000107,7770002577
890000107,7770000482
890000107,7770002258
890000107,7770002302
890000107,7770000774
890000107,7770002955
890000107,7770000653
890000107,7770001659
890000107,7770002493
890000107,7770002183
890000107,7770001414
890000107,7770002020
890000107,7770001697
890000107,7770000597
890000107,7770002596
890000107,7770001779
890000107,7770003153
890000107,7770002239
890000106,7770000571
890000106,7770000487
890000106,7770002740
890000106,7770001697
890000106,7770000315
890000106,7770003201
890000106,7770002278
890000106,7770001979
890000106,7770002076
890000106,7770000076
890000106,7770001480
890000106,7770002779
890000106,7770002823
890000106,7770001951
890000106,7770003031
890000106,7770002280
890000106,7770001304
890000106,7770001572
890000106,7770002468
890000106,7770002099
890000106,7770002853
890000106,7770001058
890000106,7770001054
890000106,7770000061
890000106,7770000895
890000106,7770000169
890000106,7770000756
890000105,7770001743
890000105,7770001607
890000104,7770001354
890000104,7770002016
890000104,7770000858
890000104,7770000420
890000104,7770000313
890000104,7770003027
890000104,7770001966
890000104,7770003077
890000104,7770002660
890000104,7770000128
890000104,7770001743
890000104,7770002114
890000104,7770002409
890000104,7770000643
890000104,7770001115
890000104,7770000681
890000104,7770001904
890000104,7770001116
890000104,7770000726
890000104,7770002657
890000104,7770000055
890000104,7770002303
890000104,7770003166
890000103,7770001407
890000103,7770000071
890000103,7770002207
890000103,7770001251
890000103,7770000373
890000103,7770003093
890000103,7770000567
890000103,7770000694
890000103,7770001697
890000103,7770000644
890000103,7770000365
890000103,7770000693
890000103,7770003220
890000103,7770003219
890000102,7770001156
890000102,7770000206
890000102,7770001206
890000102,7770000890
890000102,7770000693
890000102,7770002571
890000102,7770001542
890000102,7770002498
890000102,7770001540
890000102,7770002493
890000102,7770001262
890000102,7770003093
890000102,7770000714
890000102,7770000408
890000102,7770002207
890000102,7770001698
890000102,7770001697
890000102,7770001688
890000102,7770000953
890000102,7770000365
890000102,7770000572
890000102,7770000567
890000102,7770000571
890000102,7770000729
890000102,7770000731
890000102,7770002239
890000102,7770000728
890000102,7770001011
890000102,7770001955
890000102,7770001250
890000102,7770001956
890000102,7770001960
890000102,7770001958
890000102,7770003018
890000102,7770001957
890000102,7770002410
890000102,7770001087
890000102,7770002573
890000102,7770003063
890000102,7770001741
890000102,7770002407
890000102,7770001595
890000102,7770001167
890000101,7770001558
890000101,7770002529
890000101,7770001332
890000101,7770003079
890000101,7770001367
890000101,7770001354
890000101,7770000858
890000101,7770000773
890000101,7770000383
890000101,7770000855
890000101,7770002098
890000101,7770000924
890000100,7770001559
890000100,7770002017
890000100,7770002530
890000100,7770003080
890000100,7770001368
890000100,7770001355
890000100,7770000859
890000100,7770001333
890000100,7770000384
890000100,7770001340
890000100,7770001327
890000100,7770000336
890000100,7770001346
890000100,7770001349
890000100,7770000648
890000099,7770002531
890000099,7770001560
890000099,7770001334
890000099,7770000853
890000099,7770003081
890000099,7770001566
890000099,7770000385
890000099,7770001343
890000099,7770001350
890000099,7770000925
890000098,7770002016
890000098,7770001558
890000098,7770002529
890000098,7770000649
890000098,7770001565
890000098,7770001332
890000098,7770001347
890000098,7770001365
890000098,7770001354
890000098,7770001367
890000098,7770000852
890000098,7770003079
890000098,7770000148
890000098,7770001564
890000098,7770000858
890000098,7770000652
890000098,7770000773
890000098,7770000383
890000098,7770001318
890000098,7770000855
890000098,7770001342
890000098,7770001348
890000098,7770000924
890000098,7770001326
890000098,7770001345
890000098,7770000455
890000098,7770000923
890000098,7770000197
890000098,7770001522
890000098,7770002098
890000098,7770002019
890000098,7770000335
890000098,7770001563
890000098,7770001374
890000098,7770002526
890000098,7770000927
890000098,7770003145
890000098,7770000647
890000098,7770001520
890000097,7770002791
890000097,7770002818
890000097,7770001877
890000097,7770002805
890000097,7770001611
890000097,7770003127
890000097,7770000036
890000097,7770002485
890000097,7770001659
890000097,7770002376
890000097,7770001849
890000097,7770001601
890000097,7770001048
890000097,7770001621
890000097,7770001008
890000097,7770002057
890000096,7770000833
890000096,7770000725
890000096,7770002323
890000096,7770002967
890000096,7770000071
890000096,7770000681
890000096,7770002157
890000096,7770000318
890000096,7770001447
890000096,7770003035
890000096,7770002127
890000096,7770003190
890000096,7770002670
890000096,7770000202
890000095,7770003114
890000095,7770002054
890000095,7770000377
890000095,7770001204
890000095,7770000122
890000095,7770000070
890000094,7770000998
890000094,7770003114
890000094,7770002054
890000094,7770000069
890000094,7770000495
890000094,7770000499
890000094,7770002850
890000094,7770002871
890000093,7770003058
890000093,7770001945
890000093,7770002935
890000093,7770003115
890000093,7770000708
890000093,7770002568
890000093,7770003055
890000093,7770000969
890000093,7770000639
890000093,7770000324
890000093,7770001742
890000093,7770000916
890000093,7770000917
890000093,7770000692
890000093,7770001830
890000093,7770000612
890000093,7770002298
890000093,7770000371
890000093,7770002625
890000093,7770002966
890000093,7770002514
890000092,7770003117
890000092,7770000755
890000091,7770001696
890000091,7770000872
890000091,7770000868
890000091,7770002343
890000091,7770000078
890000091,7770000332
890000091,7770001766
890000091,7770000972
890000091,7770000796
890000090,7770000046
890000090,7770002240
890000090,7770000379
890000089,7770003149
890000089,7770003150
890000088,7770001500
890000088,7770002953
890000087,7770002199
890000087,7770002147
890000087,7770001513
890000087,7770002361
890000087,7770001942
890000087,7770002473
890000087,7770001500
890000087,7770000771
890000087,7770000745
890000087,7770002063
890000087,7770001045
890000087,7770000705
890000087,7770001732
890000087,7770002977
890000087,7770003016
890000087,7770001762
890000087,7770002788
890000087,7770000409
890000087,7770002302
890000087,7770001286
890000087,7770002258
890000087,7770002745
890000087,7770001320
890000087,7770001375
890000087,7770000441
890000087,7770002020
890000087,7770003087
890000087,7770000117
890000087,7770002500
890000087,7770000000
890000087,7770000690
890000087,7770002989
890000087,7770002786
890000087,7770001575
890000087,7770001524
890000087,7770000109
890000087,7770002833
890000087,7770000597
890000087,7770002953
890000087,7770000222
890000087,7770000960
890000087,7770003051
890000087,7770003049
890000087,7770001317
890000087,7770002138
890000087,7770000477
890000086,7770001874
890000086,7770002758
890000086,7770002521
890000086,7770002757
890000086,7770002520
890000086,7770000289
890000085,7770002756
890000085,7770001873
890000085,7770002519
890000085,7770001376
890000085,7770000288
890000085,7770000563
890000085,7770002696
890000085,7770002475
890000085,7770000660
890000085,7770000399
890000085,7770000661
890000085,7770001444
890000085,7770001260
890000085,7770002760
890000085,7770002689
890000085,7770000619
890000085,7770001192
890000085,7770000662
890000085,7770000764
890000085,7770000763
890000085,7770000765
890000085,7770000762
890000085,7770002166
890000085,7770000101
890000085,7770002169
890000085,7770002174
890000085,7770002177
890000085,7770000121
890000085,7770000879
890000085,7770002549
890000085,7770002978
890000085,7770000358
890000085,7770001928
890000085,7770003100
890000085,7770001884
890000085,7770002492
890000085,7770001210
890000085,7770000166
890000084,7770002643
890000084,7770000167
890000084,7770000168
890000083,7770001872
890000083,7770001102
890000083,7770003162
890000083,7770001727
890000083,7770000505
890000083,7770002927
890000083,7770002251
890000083,7770003161
890000083,7770002250
890000082,7770001871
890000082,7770001101
890000082,7770003160
890000082,7770001726
890000082,7770002869
890000082,7770000504
890000082,7770002926
890000082,7770002249
890000081,7770000515
890000081,7770001073
890000081,7770001848
890000081,7770002406
890000081,7770002634
890000081,7770002613
890000081,7770000344
890000081,7770000605
890000081,7770001405
890000081,7770000829
890000081,7770002092
890000081,7770002635
890000081,7770003070
890000081,7770000830
890000080,7770000514
890000080,7770001072
890000080,7770001847
890000080,7770002405
890000080,7770002633
890000080,7770002612
890000080,7770000343
890000080,7770000604
890000080,7770001404
890000080,7770003069
890000080,7770001130
890000080,7770000828
890000080,7770002091
890000080,7770002930
890000080,7770003223
890000080,7770001617
890000079,7770002181
890000078,7770001239
890000078,7770000375
890000078,7770001831
890000078,7770002403
890000077,7770003172
890000077,7770001430
890000077,7770000959
890000076,7770000219
890000076,7770001226
890000076,7770001747
890000076,7770002164
890000076,7770002180
890000076,7770002193
890000076,7770002198
890000076,7770002206
890000076,7770001772
890000076,7770002191
890000076,7770001888
890000076,7770000329
890000076,7770001802
890000076,7770000606
890000076,7770000359
890000076,7770002061
890000075,7770002589
890000075,7770002045
890000075,7770000283
890000073,7770003008
890000073,7770000286
890000072,7770002330
890000072,7770002437
890000072,7770000424
890000072,7770002375
890000072,7770002046
890000072,7770000284
890000072,7770001770
890000071,7770002331
890000071,7770002590
890000071,7770003007
890000071,7770002776
890000071,7770002133
890000071,7770002028
890000071,7770002047
890000071,7770000285
890000071,7770000010
890000071,7770000394
890000071,7770000417
890000071,7770001771
890000070,7770000183
890000070,7770002329
890000070,7770002436
890000070,7770002588
890000070,7770003006
890000070,7770002775
890000070,7770002132
890000070,7770001944
890000070,7770000551
890000070,7770002961
890000070,7770000423
890000070,7770000468
890000070,7770002374
890000070,7770000682
890000070,7770002508
890000070,7770002044
890000070,7770000282
890000070,7770000009
890000070,7770000390
890000070,7770000393
890000070,7770000416
890000070,7770000559
890000070,7770001122
890000070,7770001088
890000070,7770002705
890000070,7770002150
890000070,7770002860
890000070,7770001769
890000070,7770000552
890000069,7770002704
890000069,7770002103
890000069,7770000978
890000069,7770003137
890000069,7770001573
890000069,7770003086
890000068,7770001534
890000068,7770000253
890000068,7770001530
890000068,7770002390
890000068,7770001533
890000068,7770001531
890000068,7770002100
890000068,7770002494
890000068,7770000312
890000068,7770002970
890000068,7770001262
890000068,7770001485
890000068,7770001004
890000068,7770001005
890000067,7770001558
890000067,7770002529
890000067,7770000383
890000067,7770001354
890000067,7770001348
890000067,7770000858
890000067,7770001342
890000067,7770001345
890000067,7770001830
890000067,7770002966
890000067,7770000371
890000067,7770000612
890000067,7770002550
890000067,7770002295
890000067,7770002514
890000067,7770000190
890000067,7770000415
890000067,7770002277
890000067,7770003218
890000067,7770003086
890000066,7770001744
890000066,7770000457
890000066,7770000322
890000066,7770001287
890000066,7770003046
890000066,7770000101
890000066,7770002179
890000066,7770002175
890000066,7770000590
890000066,7770002388
890000066,7770002176
890000066,7770002392
890000066,7770001193
890000066,7770001109
890000066,7770002165
890000066,7770000948
890000066,7770001756
890000066,7770000579
890000066,7770001270
890000066,7770003183
890000066,7770002118
890000066,7770000346
890000066,7770002460
890000066,7770003182
890000066,7770002836
890000066,7770000460
890000066,7770002137
890000066,7770000473
890000066,7770003192
890000066,7770000566
890000066,7770000615
890000066,7770001613
890000066,7770000302
890000066,7770001220
890000064,7770001555
890000064,7770003090
890000064,7770001096
890000064,7770000187
890000064,7770001900
890000064,7770000723
890000064,7770000594
890000064,7770002042
890000064,7770000356
890000064,7770000480
890000064,7770001416
890000064,7770000464
890000063,7770001131
890000063,7770000507
890000063,7770000508
890000063,7770001097
890000063,7770000203
890000063,7770003083
890000062,7770001415
890000062,7770000463
890000062,7770002458
890000062,7770003061
890000062,7770001417
890000062,7770000465
890000062,7770000064
890000062,7770000111
890000062,7770002129
890000062,7770001202
890000061,7770002615
890000061,7770000673
890000061,7770000722
890000061,7770001922
890000061,7770000656
890000061,7770002041
890000061,7770001998
890000061,7770003207
890000061,7770001623
890000061,7770000687
890000061,7770001280
890000061,7770000688
890000061,7770002616
890000061,7770000674
890000061,7770000724
890000061,7770001923
890000061,7770000657
890000061,7770001961
890000061,7770002944
890000061,7770000581
890000060,7770000355
890000060,7770001567
890000060,7770001554
890000060,7770000711
890000060,7770002505
890000060,7770003089
890000060,7770000593
890000060,7770001996
890000060,7770000600
890000060,7770001899
890000060,7770000357
890000060,7770001568
890000060,7770001556
890000060,7770000712
890000060,7770002506
890000060,7770003091
890000060,7770000595
890000060,7770001997
890000060,7770000601
890000059,7770003173
890000059,7770002031
890000059,7770002355
890000059,7770001760
890000059,7770000428
890000058,7770000885
890000058,7770000942
890000058,7770001550
890000058,7770001077
890000058,7770000488
890000058,7770002076
890000058,7770002210
890000058,7770002432
890000057,7770002524
890000057,7770001636
890000057,7770003103
890000057,7770001025
890000057,7770003147
890000057,7770000389
890000057,7770001505
890000057,7770001510
890000057,7770000819
890000057,7770001508
890000057,7770001504
890000057,7770001509
890000056,7770003107
890000056,7770001901
890000055,7770002649
890000055,7770002652
890000055,7770000144
890000055,7770000145
890000055,7770000842
890000055,7770002048
890000055,7770000405
890000055,7770000772
890000055,7770002003
890000055,7770002005
890000055,7770000670
890000055,7770001507
890000055,7770003052
890000055,7770002119
890000055,7770002671
890000054,7770000184
890000054,7770000146
890000054,7770001634
890000054,7770000793
890000054,7770000794
890000054,7770001398
890000054,7770001410
890000054,7770003144
890000054,7770000131
890000054,7770003029
890000054,7770002919
890000054,7770000005
890000054,7770003108
890000053,7770003113
890000053,7770000973
890000053,7770002974
890000053,7770002576
890000053,7770000972
890000053,7770003126
890000053,7770002973
890000053,7770002102
890000053,7770002203
890000053,7770002939
890000053,7770002204
890000053,7770001314
890000053,7770001749
890000053,7770002538
890000053,7770002310
890000053,7770000353
890000053,7770000530
890000053,7770001546
890000053,7770001158
890000053,7770001538
890000053,7770001622
890000053,7770000957
890000053,7770003071
890000053,7770002097
890000053,7770001055
890000053,7770000614
890000053,7770000696
890000053,7770002171
890000053,7770001842
890000053,7770002161
890000053,7770000368
890000052,7770001177
890000052,7770001737
890000052,7770002219
890000052,7770001018
890000052,7770002226
890000052,7770001249
890000052,7770001006
890000052,7770002293
890000052,7770001983
890000052,7770002051
890000052,7770001920
890000052,7770000970
890000052,7770002537
890000052,7770001019
890000052,7770001448
890000052,7770001602
890000052,7770002067
890000052,7770002241
890000052,7770001263
890000052,7770000489
890000052,7770000260
890000052,7770002945
890000052,7770001092
890000052,7770000771
890000052,7770000228
890000052,7770002072
890000052,7770001083
890000052,7770000453
890000052,7770000239
890000052,7770003199
890000052,7770001824
890000051,7770002619
890000051,7770002551
890000051,7770000991
890000051,7770001126
890000051,7770000139
890000051,7770002509
890000051,7770001865
890000051,7770002621
890000051,7770002620
890000051,7770001830
890000051,7770002058
890000051,7770003042
890000051,7770000257
890000051,7770002570
890000051,7770001309
890000051,7770001868
890000051,7770001074
890000051,7770000215
890000051,7770000431
890000051,7770000466
890000051,7770001012
890000051,7770001606
890000051,7770002106
890000051,7770000578
890000050,7770000028
890000050,7770000029
890000050,7770000937
890000050,7770000939
890000050,7770000940
890000050,7770001786
890000050,7770000846
890000050,7770002002
890000050,7770001454
890000050,7770002591
890000050,7770001152
890000050,7770000607
890000050,7770002416
890000049,7770001302
890000049,7770001549
890000049,7770002610
890000049,7770003117
890000049,7770000856
890000049,7770000438
890000049,7770001149
890000049,7770001527
890000047,7770000735
890000047,7770000404
890000047,7770000736
890000047,7770000727
890000047,7770002823
890000047,7770001393
890000047,7770000730
890000047,7770000021
890000047,7770001394
890000047,7770001392
890000047,7770000732
890000047,7770000738
890000047,7770000079
890000047,7770001461
890000047,7770001776
890000047,7770002768
890000047,7770000776
890000047,7770001062
890000047,7770000263
890000047,7770000140
890000047,7770001846
890000047,7770003129
890000045,7770000567
890000045,7770000693
890000045,7770002207
890000045,7770002805
890000045,7770002870
890000045,7770000095
890000045,7770002237
890000045,7770001156
890000045,7770002157
890000045,7770000771
890000045,7770000736
890000045,7770000633
890000045,7770000631
890000045,7770000404
890000045,7770001485
890000045,7770002774
890000045,7770001463
890000045,7770001889
890000044,7770000205
890000044,7770001071
890000044,7770000532
890000044,7770002594
890000044,7770000771
890000044,7770001060
890000044,7770001061
890000044,7770003129
890000044,7770001889
890000044,7770003149
890000043,7770000142
890000043,7770002276
890000043,7770002847
890000043,7770000870
890000043,7770001441
890000043,7770001581
890000043,7770001528
890000043,7770001529
890000042,7770001117
890000042,7770000814
890000042,7770000378
890000041,7770000576
890000041,7770000577
890000041,7770001586
890000041,7770000750
890000041,7770000068
890000040,7770002827
890000040,7770001413
890000040,7770001484
890000040,7770000536
890000040,7770000739
890000040,7770001295
890000040,7770002826
890000040,7770002867
890000040,7770000279
890000040,7770000276
890000040,7770001686
890000040,7770002765
890000040,7770001587
890000040,7770001290
890000040,7770001580
890000040,7770002305
890000040,7770000634
890000040,7770000786
890000040,7770000030
890000040,7770002595
890000040,7770000873
890000040,7770002304
890000040,7770000784
890000040,7770000781
890000040,7770000871
890000040,7770000783
890000040,7770001294
890000040,7770001591
890000040,7770001589
890000040,7770001588
890000040,7770001590
890000040,7770003166
890000039,7770001307
890000039,7770001940
890000039,7770001300
890000039,7770001440
890000039,7770000561
890000039,7770002971
890000039,7770000134
890000039,7770003128
890000039,7770000756
890000039,7770000161
890000039,7770001092
890000039,7770001057
890000039,7770000771
890000039,7770001216
890000039,7770001213
890000039,7770000126
890000039,7770001211
890000039,7770001212
890000039,7770001214
890000039,7770001215
890000039,7770001104
890000039,7770002216
890000039,7770001164
890000039,7770000520
890000039,7770000331
890000038,7770000048
890000038,7770000116
890000038,7770000050
890000038,7770000259
890000038,7770000155
890000038,7770000485
890000038,7770000503
890000037,7770000903
890000037,7770001254
890000037,7770003197
890000037,7770001279
890000037,7770000017
890000037,7770001175
890000037,7770000697
890000037,7770000915
890000037,7770003014
890000037,7770001530
890000037,7770000251
890000037,7770000805
890000037,7770001082
890000037,7770002134
890000037,7770002357
890000037,7770002662
890000037,7770000806
890000037,7770003011
890000037,7770002837
890000037,7770000342
890000037,7770001532
890000037,7770000997
890000037,7770000695
890000037,7770002426
890000037,7770000677
890000037,7770002990
890000037,7770000038
890000037,7770000982
890000037,7770000518
890000037,7770001099
890000037,7770001633
890000037,7770001615
890000037,7770000004
890000037,7770000230
890000037,7770000181
890000037,7770001681
890000037,7770003033
890000037,7770003099
890000037,7770000376
890000037,7770000771
890000037,7770001148
890000037,7770000186
890000037,7770000245
890000037,7770003152
890000037,7770001301
890000037,7770000433
890000037,7770002658
890000037,7770002732
890000037,7770000234
890000037,7770001039
890000037,7770002936
890000037,7770002593
890000037,7770000996
890000037,7770001801
890000037,7770000261
890000037,7770001930
890000037,7770003206
890000037,7770000826
890000037,7770000840
890000037,7770001384
890000037,7770002682
890000036,7770001812
890000036,7770000130
890000036,7770001488
890000036,7770001953
890000036,7770000057
890000036,7770000381
890000036,7770000162
890000036,7770001618
890000036,7770000136
890000036,7770000137
890000036,7770001793
890000036,7770002708
890000036,7770000163
890000036,7770001431
890000036,7770001612
890000036,7770000113
890000036,7770000237
890000036,7770001248
890000036,7770002200
890000036,7770000022
890000036,7770002070
890000035,7770000235
890000035,7770001132
890000035,7770001979
890000035,7770001987
890000035,7770002319
890000035,7770002614
890000035,7770002517
890000035,7770002287
890000035,7770002221
890000035,7770002143
890000035,7770001178
890000035,7770002279
890000034,7770000736
890000034,7770002824
890000034,7770002825
890000034,7770001483
890000034,7770003216
890000034,7770000732
890000034,7770002823
890000034,7770001481
890000034,7770000631
890000034,7770000278
890000034,7770001775
890000034,7770001829
890000034,7770002427
890000034,7770002273
890000034,7770002307
890000034,7770001881
890000034,7770001361
890000034,7770002101
890000034,7770001359
890000034,7770002737
890000034,7770002741
890000033,7770000735
890000033,7770000632
890000033,7770000419
890000033,7770000403
890000033,7770001482
890000033,7770000771
890000032,7770001391
890000032,7770001477
890000032,7770001480
890000032,7770000534
890000032,7770001774
890000032,7770001777
890000032,7770000730
890000032,7770001460
890000032,7770000782
890000032,7770001479
890000032,7770002338
890000032,7770000020
890000032,7770000493
890000032,7770001828
890000030,7770000053
890000030,7770000054
890000028,7770002981
890000028,7770002787
890000027,7770000379
890000027,7770002661
890000027,7770000499
890000027,7770000758
890000027,7770000492
890000027,7770000952
890000027,7770000156
890000027,7770001108
890000027,7770000771
890000025,7770002124
890000025,7770002123
890000025,7770002125
890000025,7770002126
890000024,7770003056
890000023,7770001243
890000023,7770001989
890000023,7770000461
890000023,7770001458
890000023,7770000719
890000023,7770003047
890000023,7770001459
890000023,7770003045
890000023,7770000540
890000023,7770001474
890000023,7770001475
890000023,7770001465
890000023,7770001973
890000023,7770001476
890000023,7770001470
890000023,7770000033
890000023,7770001473
890000023,7770001244
890000023,7770001993
890000023,7770001991
890000023,7770001472
890000023,7770001990
890000023,7770001471
890000023,7770001992
890000023,7770001994
890000023,7770002439
890000023,7770000007
890000023,7770002069
890000023,7770003194
890000023,7770003124
890000023,7770002694
890000023,7770002438
890000023,7770001491
890000023,7770002646
890000023,7770002148
890000023,7770001209
890000023,7770002513
890000023,7770000358
890000023,7770001845
890000023,7770002081
890000022,7770001668
890000022,7770001664
890000022,7770001670
890000022,7770001669
890000022,7770001663
890000022,7770000771
890000022,7770001665
890000022,7770001667
890000022,7770001666
890000021,7770000883
890000021,7770002121
890000021,7770002394
890000021,7770003000
890000021,7770000077
890000021,7770000382
890000021,7770000060
890000021,7770000058
890000021,7770002540
890000021,7770002122
890000020,7770001284
890000020,7770001242
890000020,7770000198
890000020,7770000865
890000020,7770001894
890000020,7770001173
890000020,7770000555
890000020,7770000646
890000020,7770001918
890000020,7770002749
890000020,7770001053
890000020,7770002269
890000019,7770002865
890000019,7770000562
890000019,7770000494
890000019,7770002629
890000018,7770000093
890000018,7770002707
890000018,7770000094
890000017,7770002529
890000017,7770001558
890000017,7770002535
890000017,7770000383
890000017,7770003039
890000017,7770000455
890000017,7770000335
890000017,7770000061
890000017,7770002817
890000017,7770001962
890000017,7770002253
890000017,7770000320
890000016,7770000919
890000016,7770002260
890000016,7770001861
890000016,7770000920
890000016,7770001862
890000016,7770002108
890000014,7770000533
890000014,7770002362
890000014,7770000509
890000014,7770000800
890000014,7770000281
890000014,7770000977
890000014,7770000771
890000013,7770002157
890000013,7770002199
890000013,7770002147
890000013,7770001147
890000013,7770002499
890000013,7770002358
890000013,7770000199
890000013,7770001757
890000013,7770003163
890000013,7770000769
890000013,7770002670
890000013,7770001411
890000013,7770002800
890000013,7770002780
890000013,7770002063
890000013,7770000447
890000013,7770000019
890000013,7770002185
890000013,7770002184
890000012,7770002349
890000012,7770001009
890000012,7770002315
890000012,7770000414
890000012,7770000809
890000012,7770001261
890000012,7770000015
890000012,7770001469
890000012,7770000553
890000012,7770002425
890000012,7770000418
890000012,7770001796
890000012,7770001797
890000012,7770001746
890000012,7770001205
890000012,7770001136
890000012,7770001833
890000012,7770002001
890000012,7770003121
890000012,7770002491
890000012,7770001745
890000012,7770001880
890000012,7770001882
890000012,7770001883
890000012,7770001885
890000012,7770002711
890000012,7770001780
890000012,7770001778
890000012,7770002824
890000012,7770002381
890000012,7770001876
890000012,7770001889
890000012,7770001394
890000012,7770002774
890000012,7770000732
890000012,7770002866
890000012,7770000810
890000012,7770001462
890000012,7770000014
890000012,7770001010
890000012,7770001795
890000012,7770001078
890000012,7770000980
890000011,7770000264
890000011,7770002754
890000011,7770000630
890000011,7770001098
890000011,7770002271
890000011,7770000262
890000010,7770000107
890000010,7770000118
890000010,7770002178
890000010,7770002451
890000010,7770001592
890000010,7770000586
890000009,7770002259
890000009,7770001498
890000009,7770003133
890000009,7770001013
890000009,7770002335
890000009,7770001119
890000009,7770002283
890000009,7770000706
890000009,7770002043
890000009,7770001033
890000009,7770002130
890000009,7770000256
890000008,7770002039
890000008,7770000625
890000008,7770001016
890000008,7770000443
890000008,7770000170
890000008,7770000637
890000006,7770003131
890000006,7770002476
890000006,7770000396
890000006,7770000591
890000006,7770000502
890000006,7770003135
890000006,7770002992
890000006,7770000479
890000005,7770001740
890000005,7770000642
890000005,7770002314
890000005,7770002275
890000005,7770001468
890000005,7770000397
890000005,7770000196
890000005,7770000913
890000005,7770001066
890000005,7770002575
890000005,7770002009
890000005,7770000340
890000005,7770000294
890000005,7770002013
890000005,7770001594
890000004,7770000293
890000004,7770001593
890000004,7770000339
890000004,7770000478
890000004,7770002000
890000004,7770002008
890000004,7770001288
890000004,7770000609
890000003,7770002313
890000003,7770000501
890000003,7770001896
890000003,7770003104
890000003,7770002685
890000003,7770000894
890000003,7770000941
890000003,7770000914
890000003,7770002447
890000003,7770000348
890000003,7770001467
890000003,7770002316
890000003,7770002387
890000003,7770002574
890000003,7770002274
890000003,7770001981
890000003,7770003094
890000003,7770001739
890000003,7770001547
890000003,7770002486
890000003,7770001943
890000003,7770000395
890000003,7770002442
890000003,7770000912
890000003,7770000001
890000003,7770002991
890000003,7770002543
890000003,7770003005
890000003,7770001275
890000003,7770000962
890000003,7770002168
890000003,7770003034
890000003,7770002345
890000003,7770001038
890000003,7770002115
890000003,7770000180
890000003,7770002921
890000003,7770001274
890000003,7770000956
890000003,7770000684
890000003,7770002434
890000003,7770001268
890000003,7770001608
890000003,7770002601
890000003,7770000191
890000003,7770003076
890000003,7770001735
890000003,7770000550
890000003,7770001313
890000003,7770002753
890000003,7770003109
890000002,7770000608
890000002,7770002638
890000002,7770001218
890000002,7770002212
890000002,7770002196
890000002,7770002697
890000002,7770002639
890000002,7770001781
890000002,7770002080
890000002,7770001084
890000002,7770002255
890000002,7770002341
890000002,7770001788
890000002,7770002627
890000002,7770001123
890000002,7770002257
890000002,7770001790
890000002,7770001789
890000002,7770002342
890000002,7770002256
890000002,7770001124
890000002,7770000522
890000002,7770002782
890000002,7770002457
890000002,7770000734
890000002,7770002777
890000002,7770002562
890000002,7770001437
890000002,7770002834
890000002,7770000035
890000002,7770003224
890000002,7770003138
890000002,7770002778
890000002,7770000045
890000002,7770000524
890000002,7770000523
890000002,7770001438
890000001,7770000535
890000001,7770002307
890000001,7770002411
890000001,7770001579
890000001,7770002752
890000001,7770000771
890000001,7770001578
890000001,7770000160
890000001,7770001390
890000001,7770000537
890000001,7770000031
890000001,7770000177
890000001,7770001464
890000001,7770000534
890000001,7770002751
890000001,7770000778
890000001,7770001878
890000001,7770000171
890000001,7770001574
890000001,7770000172
890000001,7770001879
890000001,7770000779
890000000,7770001361
890000000,7770002101
890000000,7770002246
890000000,7770001360
890000000,7770000771
890000000,7770002410
890000000,7770000693
890000000,7770000199
890000000,7770002500
890000000,7770001014
890000000,7770002321
890000000,7770002157
890000000,7770002063
890000000,7770002147
890000000,7770003168
890000000,7770001543
890000000,7770002967
890000000,7770000729
890000000,7770002986
890000000,7770001942
890000000,7770002057
890000000,7770000745
890000000,7770002397
890000000,7770000725
890000000,7770001029
890000000,7770002075
890000000,7770003079
890000000,7770000858
890000000,7770001558
890000000,7770002529
890000000,7770001092
890000000,7770000347
890000000,7770000038
890000000,7770000134
890000000,7770000218
