id,producto_id,detalle_codigo_barras_id
7800063001708,77707363,
7800046002395,77707361,
7800060126022,77707336,
7809591401806,77707271,
7707274720063,77707268,
7800060038752,77707265,
7795320000122,77707249,
7702433299107,77707230,
7702433298742,77707229,
8427426013155,77707221,
7809591401202,77707216,
7800063120867,77707186,
7803504002654,77707173,
7804640561654,77707165,
7804673040010,77707139,
7804640561241,77707131,
7800044001543,77707129,
7800061001205,77707121,
7800044002168,77707105,
781159467219,77707098,
7800050001551,77707080,
7804650883425,77707059,
7800050000806,77707000,
7800060128156,77706996,
7804612010197,77706991,
7800023226455,77706987,
7804653720314,77706972,
7804640561449,77706969,
7801000001508,77706968,
7804640561432,77706967,
7800018123929,77706966,
7800023226431,77706962,
7801000236160,77706952,
7801000120445,77706951,
7800044001697,77706950,
2000000644011,77706948,
75046330,77706923,
8903726233870,77706898,
8903726205150,77706897,
8903726193556,77706896,
7804650884583,77706881,
7800060147102,77706856,
7800063310152,77706819,
7800068015601,77706802,
7800050000615,77706798,
7804616660572,77706783,
7800060015678,77706781,
7800060015685,77706779,
7800060015661,77706777,
7800060110496,77706772,
7804620835171,77706742,
7800008000827,77706738,
7800008000834,77706737,
7800060412545,77706733,
7800060409248,77706729,
7806130005280,77706726,
7806130005273,77706725,
7806130005266,77706724,
4048846005243,77706713,
7800046001848,77706701,
7800038046604,77706693,
7800063001432,77706689,
7800007794994,77706688,
7800068012389,77706681,
7800068012525,77706679,
7804611060520,77706677,
7800041046400,77706673,
7804653720260,77706670,
7804653720253,77706668,
7800068015410,77706663,
7800060144941,77706649,
7804918402153,77706643,
7800026009987,77706614,
7804614931810,77706601,
7804995818892,77706581,
7800063120027,77706571,
7804633500042,77706568,
7804679990005,77706567,
7800007806796,77706563,
7800063001241,77706559,
7804614931858,77706556,
7800008001091,77706536,
7800060145320,77706535,
8903726249109,77706531,
7800070000749,77706516,
7800004004126,77706505,
7800004507153,77706504,
7800004509447,77706503,
7800004001637,77706492,
7800004507870,77706486,
7800004501946,77706480,
7800004399567,77706474,
7800004000418,77706473,
7800004399536,77706467,
7800007808325,77706458,
20800600323,77706454,
8437020503020,77706426,
7891317022808,77706421,
7891317022785,77706420,
7800044001840,77706402,
48341991007,77706374,
7793640558705,77706367,
7800070004549,77706363,
7800044000072,77706362,
7800008011625,77706334,
7800008011588,77706333,
7800044001994,77706329,
7754754000177,77706294,
7805633022817,77706282,
7800038000545,77706235,
8437019299118,77706217,
7804902023845,77706214,
7804902023852,77706213,
7800044001826,77706203,
7800007770974,77706200,
7804945001305,77706192,
8427030003207,77706190,
5099864006162,77706189,
5099864006094,77706188,
7804918410622,77706183,
7702870010495,77706166,
7804620832903,77706160,
7800063115443,77706159,
7800007670595,77706157,
7800007802095,77706153,
7809604500779,77706133,
7809604500533,77706130,
7809604500397,77706129,
7809604500519,77706127,
7809604505019,77706125,
7809604505026,77706124,
7809604500007,77706120,
7591066712011,77706109,
7800026004616,77706088,
7804620831876,77706084,
7804620831869,77706082,
7795373012288,77706078,
7800063000831,77706076,
7800041048213,77706074,
7804640561692,77706072,
7794640170881,77706065,
7794640170904,77706063,
7800068015830,77706056,
7804629440529,77706053,
7804629440000,77706051,
7800044000300,77706049,
7800007808424,77706026,
7800007808431,77706020,
8903726193372,77706019,
7804667110385,77705999,
8904159675770,77705996,
7800026026052,77705991,
7800038045768,77705989,
7800007615817,77705975,
7804640561210,77705965,
7800038000811,77705945,
7804918403679,77705942,
7804918402702,77705936,
7800026002421,77705932,
7800026029749,77705917,
7804620834457,77705872,
7804625951890,77705870,
7805750001900,77705867,
7800026004692,77705852,
7804650884064,77705835,
78026711,77705823,
7800007806635,77705799,
8903726193358,77705798,
7804650880110,77705793,
7800007806628,77705790,
8903726208847,77705789,
7804995100621,77705783,
7795320051261,77705779,
7800063330129,77705773,
7730963251555,77705763,
7800063001487,77705740,
7803504000124,77705729,
7803501001827,77705721,
7804918500569,77705707,
7896226503806,77705704,
7800004348008,77705669,
7800070004372,77705651,
7800026017388,77705644,
7800026017319,77705642,
7800028003419,77705629,
5290931031746,77705613,
8903726249314,77705609,
7800063110752,77705601,
7804640561562,77705596,
7800007803801,77705595,
7800068032738,77705594,
4048846008718,77705564,
7801000277750,77705562,
7801000121770,77705561,
7800020163029,77705557,
7800044002014,77705544,
7800026124598,77705528,
7800026009802,77705526,
7800026009758,77705524,
7800063330556,77705519,
7800028002764,77705506,
7804614931407,77705486,
7804907916166,77705483,
7460536556557,77705476,
6223004866920,77705465,
7804907937666,77705464,
3583316669293,77705442,
7800007803795,77705382,
7804640561869,77705379,
7800063111001,77705373,
7800007124326,77705367,
7806130011267,77705361,
7800044000270,77705357,
7803510003546,77705349,
7804638540074,77705345,
7800041045335,77705333,
7804900000374,77705331,
7804900000367,77705330,
7804900000299,77705324,
7451079003462,77705320,
7804900000350,77705312,
7803504004153,77705309,
7803504404113,77705308,
7803504404106,77705306,
7800034514381,77705296,
7800068010163,77705290,
7800059172054,77705279,
8904103326567,77705274,
7804651290024,77705270,
7800060011656,77705269,
7795373011366,77705265,
9001001000854,77705260,
7800004340453,77705242,
7800004340446,77705240,
7800004338436,77705238,
7800004000371,77705233,
7800004000326,77705230,
7501125181801,77705221,
7804650880264,77705211,
7800007802705,77705205,
7804650880257,77705204,
7804620833467,77705203,
7800060040229,77705168,
8903726234419,77705154,
7800060040069,77705136,
7800060003606,77705123,
7800060039643,77705111,
7800060003217,77705109,
7800060035140,77705073,
7800020162138,77705067,
7800038045171,77705059,
7800063130033,77705058,
7800018163680,77705044,
7804614931759,77705009,
4005900036704,77704999,
4005808257720,77704998,
4005808979677,77704997,
7800063120935,77704996,
4968420726688,77704977,
7800026020647,77704970,
7804620834396,77704945,
7501298223803,77704928,
7800007672964,77704900,
7804918450406,77704892,
7800004508846,77704887,
7800004000401,77704886,
7800028310296,77704836,
7800028009374,77704835,
7800028310661,77704833,
7800028210350,77704826,
7800028210602,77704824,
7800007386526,77704820,
7800019000205,77704816,
7800007790736,77704808,
7800007176394,77704801,
7800060009738,77704783,
7800060009684,77704781,
7804650885238,77704773,
7804640560534,77704771,
5027314502940,77704754,
7800004303434,77704748,
7804918500576,77704744,
7804918500095,77704742,
7804918500088,77704740,
8903726188774,77704732,
7800028002160,77704725,
8903726195529,77704705,
7804640560527,77704691,
8437020503211,77704686,
8437020503204,77704685,
7800007172808,77704649,
7861148021745,77704627,
7800059159055,77704626,
7800068013515,77704604,
7800068013508,77704600,
7804640560565,77704593,
7800007806208,77704562,
7804620833351,77704557,
7804650880226,77704556,
7800007759221,77704555,
7800063116716,77704547,
7800068031908,77704542,
7501303443301,77704538,
77500403,77704507,
78026520,77704505,
78037830,77704503,
5290931031753,77704481,
5290931032187,77704480,
7800068013188,77704475,
7804620835164,77704474,
7800063116396,77704473,
7800007659354,77704472,
7803504000254,77704468,
7803504000247,77704466,
7804640561371,77704458,
7804673040058,77704457,
7803501004118,77704456,
7800068031885,77704433,
7800063110905,77704431,
7899026404984,77704428,
7899026404892,77704427,
7803504005709,77704418,
7803504004887,77704416,
7800046006003,77704409,
7800044000676,77704397,
7800044000690,77704396,
7800018117218,77704390,
7800018117195,77704386,
7800038044457,77704352,
7800050000851,77704306,
8903726207628,77704305,
7800007679895,77704304,
7804650880677,77704302,
7804620831517,77704301,
7804620835218,77704300,
7804620834792,77704294,
7804620834440,77704293,
7800063130699,77704271,
7800007649126,77704267,
7800007800473,77704247,
310742037715,77704227,
7804918450024,77704216,
7804918450161,77704215,
7804918450017,77704214,
7804918450154,77704211,
7804918450031,77704208,
7804918450178,77704205,
7804918401842,77704204,
7804918401316,77704203,
7804918402870,77704200,
7804918450697,77704195,
7804918403488,77704193,
7804918450246,77704184,
7800068013102,77704159,
7800007807205,77704153,
7800063001081,77704137,
7804640561395,77704133,
7804640561401,77704131,
7800007802279,77704127,
7804650884392,77704119,
7804640561531,77704117,
7804653720093,77704112,
8903726186213,77704109,
8903726249291,77704108,
8903726250365,77704107,
8903726209646,77704102,
7800070001852,77704073,
7800004029020,77704050,
7800004000937,77704049,
7800004029044,77704047,
7800007109361,77704033,
7804620832057,77704020,
7800007803887,77704005,
7800008103054,77704002,
7804614931964,77703995,
7800007804242,77703993,
7804657990096,77703977,
7806130010727,77703966,
7800007808264,77703954,
7804620834754,77703953,
7798021298294,77703950,
8906031057971,77703944,
8906031057988,77703943,
7800018187785,77703941,
7809591401080,77703935,
7800007805140,77703900,
7800007808790,77703899,
7800007409249,77703898,
7800007711458,77703897,
7800007409836,77703896,
7800007409911,77703895,
7804659070413,77703890,
7800007698414,77703882,
7800063111483,77703881,
7800063120263,77703876,
7800007177957,77703875,
7800061001540,77703870,
7804640560442,77703861,
7809591401691,77703855,
7809591401684,77703852,
7804633500745,77703821,
7800026456781,77703816,
7800059001477,77703811,
7800075200106,77703806,
7806130002494,77703793,
7806130200692,77703792,
7806130200531,77703791,
7806130200715,77703789,
7806130200708,77703788,
7800008020191,77703751,
7800008011502,77703744,
7804620834785,77703739,
7804629440253,77703724,
7804614931193,77703720,
7804614931117,77703718,
7800006000249,77703716,
7800006002861,77703715,
7800007805379,77703706,
7800057000991,77703666,
7804923041354,77703633,
7800060414327,77703624,
7800007771353,77703615,
7800007771278,77703614,
7804620833498,77703610,
7804620833504,77703605,
7800041043980,77703601,
7804640560367,77703587,
7804640560589,77703585,
7750215016213,77703583,
7804620835669,77703579,
7800018128214,77703504,
7800018118925,77703503,
7804633500196,77703497,
7800068030093,77703493,
7800086810905,77703481,
7800007770707,77703454,
7800018160894,77703443,
7800008010093,77703429,
7800038000514,77703369,
7800038000491,77703366,
7804664340587,77703345,
7804664340976,77703343,
7804620834747,77703324,
10022344,77703322,
7800063115191,77703308,
7795368001990,77703291,
7702018880409,77703240,
7702418005075,77703236,
7800050002268,77703232,
7800050002534,77703229,
7707236125141,77703214,
7804640560831,77703213,
7804650881629,77703210,
7800063000015,77703202,
7800068031854,77703186,
7800063116464,77703178,
7800068014291,77703174,
5000158067738,77703165,
5000158069114,77703163,
5000158066762,77703162,
5000158068438,77703159,
5000158068421,77703157,
5000158069701,77703155,
5000158069633,77703154,
50190256,77703152,
7800041043409,77703148,
7800007120250,77703106,
7800059003648,77703089,
7800007403636,77703074,
301320105049,77703063,
8027950170173,77703060,
7800038048165,77703042,
7800038043207,77703040,
7809591401783,77703028,
7809591402957,77703026,
7795373012493,77703018,
7800029000790,77703014,
8903726220436,77703007,
8903726221051,77703006,
8680199613384,77703005,
7800038000538,77703003,
7800068031120,77702991,
7800007804853,77702982,
7804620835058,77702976,
7800007737922,77702975,
7800063130163,77702971,
7800020162718,77702907,
7800020021015,77702906,
7591044403146,77702901,
7800068014703,77702890,
7800050002602,77702873,
7800050000080,77702872,
8903726251379,77702868,
7800004000500,77702845,
7800004284450,77702844,
7800030005449,77702835,
7800068012051,77702831,
7800038000774,77702828,
7800063110745,77702818,
7803504002395,77702815,
7804918400340,77702786,
7804918400357,77702784,
7800007119407,77702759,
7804945062559,77702750,
7804945065093,77702749,
7800018111483,77702744,
7805112000190,77702712,
7501298225005,77702687,
7800017062250,77702681,
7501298222622,77702670,
7501298222639,77702669,
7730979093422,77702666,
7800060416376,77702636,
7800086709704,77702631,
7804653720574,77702625,
7804900610955,77702621,
7794490630511,77702620,
7794490630443,77702619,
8903726195628,77702610,
7800034507567,77702601,
7800055000450,77702597,
7804620834082,77702593,
7800063115856,77702570,
7804628610015,77702559,
7800063110615,77702517,
8710428999269,77702502,
7800063110820,77702476,
7804620833047,77702474,
7804620832767,77702470,
10030462,77702448,
7800045002006,77702444,
7800045000071,77702443,
7800018178455,77702415,
7800056000596,77702388,
7800018171982,77702386,
7800018175928,77702385,
7800018185941,77702381,
7501406803002,77702353,
7804650880424,77702349,
7804620834891,77702303,
7800034524090,77702296,
8680199002096,77702289,
7800007305978,77702274,
7804620832835,77702262,
7800007129475,77702260,
7800060115330,77702251,
7800004002542,77702241,
7800004251247,77702240,
7800004508594,77702239,
7841141004396,77702223,
7800068011405,77702214,
7804614931643,77702191,
7804614931568,77702189,
7804614931629,77702187,
7804614931711,77702185,
7804614931728,77702180,
7804614931605,77702177,
7800068010217,77702175,
7800050002589,77702149,
7801000120384,77702140,
7801000120421,77702138,
7800068011375,77702133,
7800028005802,77702106,
7801000001348,77702104,
7801000001331,77702103,
7801000206743,77702101,
7801000206866,77702100,
7800057001486,77702095,
7800007142061,77702094,
7800068030901,77702093,
7804659960011,77702089,
7800034510864,77702084,
7804620832170,77702083,
7800007129390,77702082,
7800078010115,77702079,
7800007803757,77702076,
7804640561685,77702072,
7804640560459,77702071,
7800060007635,77702050,
7800050000967,77702022,
7804640561425,77702013,
7804640561456,77702011,
7804640561890,77702002,
7804614931803,77702001,
7804918500927,77702000,
7804614931216,77701996,
7800060011205,77701969,
7800001004464,77701953,
7800028002290,77701946,
7800028001293,77701944,
7800028001286,77701942,
7804656600057,77701928,
7809558100599,77701915,
7809558101725,77701913,
7809558101763,77701912,
7800018128221,77701898,
7800068010439,77701896,
7612412834000,77701883,
7804673040003,77701882,
7804918404096,77701873,
7804918451991,77701870,
7806130002593,77701850,
7806130010352,77701849,
8903726249451,77701843,
7800063110134,77701833,
7800063130125,77701832,
7898586631182,77701824,
7800007479297,77701815,
7800028000531,77701799,
7896009490675,77701792,
7794640171710,77701788,
7794640171420,77701787,
7501871721412,77701765,
7800026016107,77701757,
7800017042399,77701747,
7800049900209,77701742,
7800034510840,77701724,
7800063310251,77701719,
7800038042187,77701690,
7800038042200,77701688,
7800063120195,77701679,
7804620833795,77701678,
7800063120188,77701677,
7800060112742,77701671,
7804640561203,77701660,
7800068030604,77701659,
7800007141927,77701656,
7800068030451,77701648,
7804650881667,77701647,
7804640560480,77701631,
7800062005035,77701620,
7800062004816,77701617,
7800062001716,77701607,
7800062001808,77701605,
4800573052224,77701600,
781159466908,77701591,
7806130006393,77701584,
7800063110363,77701575,
7800086804102,77701572,
7804650884194,77701561,
7800063110684,77701557,
7804614930974,77701552,
7800028112197,77701542,
7804640560411,77701534,
7800068030130,77701532,
7804640560428,77701528,
7800060111691,77701513,
7800060116306,77701510,
7800068011023,77701497,
7800018132105,77701495,
7800007659279,77701494,
8901790710747,77701491,
7800018110493,77701489,
7800018110196,77701487,
7804918402054,77701481,
7804918500064,77701480,
7800007806901,77701469,
7803510002129,77701455,
7803510001931,77701449,
7800060001848,77701438,
7800060110106,77701436,
7800060111776,77701435,
7800063110639,77701433,
7800007790309,77701432,
7804650880288,77701431,
7800060118867,77701426,
7800060030183,77701425,
8437020503150,77701415,
7804653720055,77701414,
7800019000458,77701403,
7730969301162,77701368,
7804640561418,77701358,
7804640561906,77701356,
7800008102996,77701315,
7800008102989,77701314,
8901530003863,77701312,
7800008780767,77701311,
8901530003856,77701304,
7800008780743,77701303,
8901463125861,77701302,
7800038041210,77701281,
7800018129228,77701280,
7800063120874,77701279,
7800018129235,77701274,
7800017052411,77701270,
7804640561319,77701261,
7800008001008,77701258,
7804633500479,77701256,
7800007788320,77701253,
7804640561548,77701244,
7800004000128,77701233,
7800004000111,77701232,
7804918402399,77701230,
7800026007761,77701217,
7800026007754,77701213,
7793640000174,77701204,
7793640234340,77701200,
7800044000126,77701189,
7800063116228,77701185,
7800007788085,77701183,
7800063116631,77701180,
7800007187833,77701167,
7804614931414,77701151,
7800023226608,77701150,
7803501001254,77701130,
7804629440086,77701078,
7800063310862,77701073,
7800046001299,77701065,
7800038041364,77701059,
7800068010040,77701053,
7800068010057,77701052,
7809591400731,77701040,
7804620833597,77701035,
7800028841486,77701012,
7800008020023,77700993,
7800008000445,77700990,
7800070000046,77700986,
7800046002425,77700973,
7800046002418,77700972,
7800017002317,77700945,
4027269687540,77700936,
7800038041388,77700927,
7800026006818,77700923,
7800004001781,77700915,
7800004001798,77700913,
8436024610116,77700897,
9980808887113,77700885,
6921199300280,77700824,
7800068010606,77700820,
7896026304993,77700814,
7809599500358,77700813,
7805750110435,77700807,
7804918403419,77700799,
7804918450208,77700796,
7804625400121,77700781,
7800063160085,77700750,
7804945072107,77700745,
7804945071322,77700744,
7800007661258,77700728,
7800063001647,77700726,
7800007554338,77700724,
7800007774101,77700712,
7804918500910,77700697,
7804650881520,77700633,
7800007801555,77700625,
7800063111605,77700624,
7800007801548,77700621,
7800007388735,77700610,
7800063110288,77700604,
7805750000675,77700588,
7793640211242,77700587,
7793640216520,77700584,
7803504005808,77700556,
7800004004058,77700550,
8902281611239,77700531,
8903726198612,77700530,
8903726198605,77700528,
7804640561012,77700511,
7794640172311,77700509,
7800029002015,77700508,
7800050306007,77700497,
7800060130647,77700478,
7800023226165,77700471,
7891317020231,77700459,
7804620833412,77700427,
7804636190325,77700425,
7804620833818,77700423,
7804620833535,77700420,
5290931004344,77700416,
7800063110547,77700415,
7801000001522,77700409,
7800063121000,77700407,
7804620833900,77700397,
7804620833610,77700387,
7804673040065,77700383,
7804640560886,77700382,
7800060113633,77700378,
7800060119918,77700377,
7800060120099,77700376,
7800060111349,77700373,
7800007782397,77700364,
7800063116600,77700357,
8903726189559,77700349,
7800063112022,77700348,
7806545010114,77700331,
7800034510772,77700328,
7804918410325,77700251,
7804620834259,77700245,
7804614931223,77700238,
7804614930141,77700234,
7804614931889,77700212,
7804614931896,77700211,
7800030075008,77700208,
7800097002696,77700195,
7801000206859,77700194,
7800045001801,77700189,
7800038040510,77700176,
7800062001907,77700168,
7800050001766,77700164,
7795373013087,77700160,
7800007484024,77700154,
7800007483997,77700153,
7800063000312,77700152,
781159095955,77700151,
7800046005112,77700150,
7861073970613,77700136,
7800026004791,77700126,
7793640992486,77700119,
7793640216100,77700118,
7804616660077,77700106,
7800026547861,77700097,
7800007804365,77700093,
7800018157023,77700088,
7800018000930,77700085,
7800018157016,77700083,
7800078000710,77700074,
8903726209615,77700066,
8903726209608,77700052,
7800063116372,77700049,
7800063111032,77700045,
7800044000430,77700035,
7800044000416,77700033,
7800068010774,77700013,
7800068010781,77700012,
4104480705199,77700011,
7800068010019,77700008,
7800060005723,77700005,
7800060005754,77700004,
96079652,77703156,
9980808887007,77705814,
7800007155719,77700061,
7800007126962,77706327,
7804640560633,77700386,
7800044002052,77705389,
7804620834884,77704307,
7800063120102,77701292,
7800044002236,77707147,
7800063310947,77705897,
7801000001836,77700412,
7800060003064,77701570,
10030073,77706093,
7804614931445,77702184,
7803510002396,77701450,
7804918452615,77704689,
7804918441404,77700925,
7800026016053,77701759,
7804667110279,77704487,
4027269958329,77707225,
7800097002412,77701427,
7800068120114,77707213,
7891317018405,77702010,
7804639011108,77706162,
7800060003323,77705119,
7801000000624,77702301,
7800023226462,77706988,
7800059003945,77704520,
7800007491152,77700318,
7896004758015,77703669,
7800029002480,77700157,
7800007100306,77706788,
7800007100146,77706787,
7800007805638,77705101,
7800038000804,77705946,
4048846008824,77703781,
9999985300179,77705016,
9999080834579,77705815,
9999036003554,77700818,
9998874432229,77700081,
9980324887116,77700884,
9980080080080,77705816,
9966570191979,77701004,
9906060191973,77700775,
9780808885405,77706326,
9778969677540,77700202,
9777889001114,77701868,
9666752787678,77705817,
9556966344630,77705451,
9338009067771,77705287,
9329829002219,77701113,
9300000000835,77705553,
9300000000828,77707325,
9300000000743,77704378,
9300000000712,77700955,
9300000000699,77707137,
9300000000439,77706260,
9300000000309,77705711,
9300000000200,77705712,
9005454877742,77700889,
9001001002452,77707127,
9001001001912,77705730,
9001001001844,77702884,
9001001001462,77703045,
9001001000922,77701721,
9001001000786,77705731,
9001001000618,77705434,
9001001000472,77700737,
9001001000304,77704368,
9001001000236,77706215,
9001001000168,77706261,
9000373713546,77702733,
8908014106294,77703974,
8907730009223,77702467,
8906101411757,77701530,
8906101411740,77701625,
8906101411733,77701632,
8906101411702,77704692,
8906063986652,77701641,
8906047790145,77702463,
8906006643994,77703725,
8904248701403,77707049,
8904180205670,77703934,
8904180203218,77701827,
8904159611037,77704729,
8904103326574,77705275,
8903726273562,77703468,
8903726269503,77700630,
8903726249093,77706530,
8903726226056,77706428,
8903726225981,77706429,
8903726210758,77703455,
8903726207611,77702267,
8903726201565,77702589,
8903726199701,77702867,
8903726198179,77700883,
8903726197585,77705607,
8903726184226,77704093,
8902281611376,77700289,
8901463166185,77702269,
8901463126288,77706457,
8901117147089,77704101,
8888880930684,77705715,
8888880930677,77705719,
8710908501708,77702300,
8680199542752,77704695,
8680199002027,77701022,
8680199001600,77704110,
8680199001594,77702287,
8470008019281,77707269,
8470006762325,77706163,
8470006762295,77706161,
8470001701886,77700764,
8470001686343,77700765,
8437020503600,77707043,
8437020503440,77700534,
8437020503389,77706427,
8437020503198,77704485,
8437020503129,77702377,
8436044519482,77701722,
8436043010720,77705883,
8436024613421,77703483,
8436024611649,77704436,
8435214412455,77704129,
8433042002572,77703471,
8429420046542,77702993,
8427426046245,77707219,
8427426044739,77707222,
8427426014947,77702995,
8038780318130,77701567,
8027950170159,77702442,
8002660031709,77706191,
7898552460105,77701405,
7897930765078,77700519,
7897337715676,77707236,
7897337715324,77707234,
7897337714839,77707235,
7897337713900,77703777,
7897337713696,77703774,
7897337713672,77703770,
7897337711180,77700521,
7897337710923,77700520,
7896548199404,77700701,
7896548198773,77706393,
7896548197516,77707034,
7896548197332,77705392,
7896548167373,77700458,
7896548158951,77706636,
7896548137758,77700196,
7896548134917,77706639,
7896548134900,77706635,
7896409701135,77706210,
7896261014749,77706525,
7896255767903,77706875,
7896226505466,77705840,
7896226503769,77706450,
7896206407506,77701866,
7896206407490,77701865,
7896206407483,77701867,
7896206407292,77705018,
7896206405557,77704952,
7896206405540,77704951,
7896206405533,77704950,
7896116883513,77703416,
7896116881038,77702044,
7896116863218,77700463,
7896116863201,77707283,
7896116862655,77707287,
7896116861078,77704638,
7896112103790,77700752,
7896026305167,77700967,
7896026304740,77700969,
7896004758022,77703670,
7891721028861,77703285,
7891721028830,77703287,
7891721028557,77703286,
7891463003034,77703787,
7891463003027,77703784,
7891463002853,77703785,
7891317206604,77706036,
7891317205744,77706983,
7891317204082,77706037,
7891317120627,77704092,
7891317022792,77706419,
7891317018412,77702012,
7891317012786,77704328,
7891317012748,77702003,
7891317011994,77700301,
7891317011970,77700300,
7891317007423,77703534,
7891317007393,77703532,
7891317007379,77703533,
7891317006648,77704090,
7891317006631,77704088,
7891317006471,77702552,
7891317004804,77704471,
7891317004750,77704672,
7891317004729,77701770,
7891317002473,77705574,
7891106004480,77701005,
7891106003704,77702320,
7891106000185,77701172,
7891106000154,77700774,
7891058003968,77703170,
7891058001223,77705684,
7891024005064,77701717,
7863319519792,77702935,
7861148021271,77706385,
7861148020731,77706384,
7841141004372,77705913,
7810007803733,77700714,
7809605500211,77704536,
7809605500181,77706323,
7809604505033,77706128,
7809604501226,77702551,
7809604501011,77700135,
7809604500854,77704461,
7809604500823,77701526,
7809604500748,77700707,
7809604500687,77702534,
7809604500670,77702535,
7809604500632,77706132,
7809604500601,77702902,
7809604500502,77706123,
7809604500496,77702520,
7809604500403,77706126,
7809604500229,77702540,
7809604500076,77706122,
7809604500069,77706131,
7809599500419,77702339,
7809599500365,77700640,
7809591403398,77703029,
7809591403084,77706796,
7809591403077,77706795,
7809591403060,77706794,
7809591402964,77703030,
7809591402582,77707331,
7809591402490,77700951,
7809591402445,77706338,
7809591402421,77704869,
7809591402322,77701878,
7809591402278,77706750,
7809591402032,77701908,
7809591401912,77705619,
7809591401790,77706042,
7809591401592,77705172,
7809591401417,77702041,
7809591401400,77702917,
7809591401370,77703489,
7809591401325,77707334,
7809591401288,77701046,
7809591401141,77703936,
7809591400823,77704868,
7809591400793,77702311,
7809591400595,77703485,
7809591400564,77702886,
7809591400557,77702042,
7809591400496,77701198,
7809591400472,77700776,
7809591400359,77706336,
7809591400274,77701754,
7809591400083,77706741,
7809591400045,77701891,
7809561400761,77703444,
7809558102975,77701911,
7809558102432,77701914,
7809531201381,77702855,
7809531200742,77706013,
7809531200667,77705535,
7809531200216,77702137,
7809526397891,77707254,
7808713901668,77705635,
7808713901279,77705732,
7806130200203,77703795,
7806130011441,77703965,
7806130011199,77705215,
7806130010468,77700888,
7805750586919,77704615,
7805750586902,77704616,
7805750004383,77704866,
7805750003867,77701173,
7805750003645,77700895,
7805750003546,77707284,
7805750002860,77701474,
7805750001641,77700661,
7805633022374,77702752,
7805633018698,77702753,
7805633013877,77705720,
7805335814604,77700606,
7805335081457,77700288,
7805330202239,77701154,
7805287060609,77700047,
7805256000193,77707369,
7805256000162,77704021,
7805256000148,77704333,
7805256000117,77705587,
7805256000094,77702985,
7805156010063,77703062,
7805112000398,77703426,
7805112000343,77701918,
7805112000213,77703425,
7804995130413,77701156,
7804947611168,77702351,
7804945007321,77700743,
7804920003645,77705845,
7804918500958,77702586,
7804918500736,77704114,
7804918500699,77702592,
7804918500637,77700797,
7804918500354,77704746,
7804918500262,77701776,
7804918500101,77704526,
7804918450956,77704206,
7804918450734,77704212,
7804918450345,77703684,
7804918450055,77704187,
7804918441466,77705926,
7804918441459,77705935,
7804918441411,77705902,
7804918441381,77703141,
7804918441367,77702257,
7804918441282,77703602,
7804918402948,77705938,
7804918402580,77700926,
7804918402313,77704530,
7804918402108,77706642,
7804918400159,77704182,
7804907917491,77705463,
7804907916449,77705459,
7804907838086,77705461,
7804907838055,77705460,
7804902039617,77701063,
7804900800271,77705322,
7804900800264,77705326,
7804900632506,77701392,
7804900186788,77706418,
7804900167732,77705329,
7804900119236,77706062,
7804900000305,77705325,
7804679600034,77702532,
7804679600027,77702524,
7804673040249,77705210,
7804673040188,77702964,
7804673040119,77707161,
7804672990002,77705010,
7804672300023,77701881,
7804672300009,77701880,
7804671910049,77700205,
7804671910025,77700203,
7804671180275,77703910,
7804671180152,77704657,
7804671180114,77707135,
7804671180107,77707130,
7804670230070,77704517,
7804667110446,77705998,
7804664340679,77700129,
7804664340549,77701240,
7804664340204,77706319,
7804664340198,77703482,
7804663280525,77706312,
7804660750106,77706168,
7804660750090,77707320,
7804660750021,77702035,
7804659960028,77701604,
7804659890783,77705846,
7804659890646,77705847,
7804657990539,77703463,
7804657990331,77704515,
7804657990324,77704516,
7804657990317,77706599,
7804657990300,77706965,
7804657990294,77703112,
7804657990287,77703111,
7804657990102,77704019,
7804657990003,77700650,
7804656600583,77702714,
7804656600484,77702994,
7804656600309,77705638,
7804656600293,77705640,
7804656600095,77701349,
7804653720789,77706838,
7804653720772,77701737,
7804653720765,77706208,
7804653720581,77702626,
7804653720468,77706904,
7804653720451,77706906,
7804653720406,77700533,
7804653720352,77703121,
7804653720246,77705217,
7804653720161,77704483,
7804653720086,77704111,
7804653720062,77703122,
7804651935680,77705778,
7804651930494,77700904,
7804651930401,77700905,
7804651290178,77704763,
7804651290055,77704766,
7804651160266,77702731,
7804651160259,77702730,
7804651160242,77702732,
7804650885566,77706971,
7804650885245,77700843,
7804650885085,77706880,
7804650884880,77703749,
7804650884774,77700980,
7804650884767,77700981,
7804650884668,77700984,
7804650884576,77706883,
7804650884569,77706885,
7804650884514,77700964,
7804650884507,77704125,
7804650884491,77700227,
7804650884385,77704164,
7804650884330,77704564,
7804650884286,77701999,
7804650884019,77701839,
7804650883876,77702266,
7804650883784,77700064,
7804650883685,77704693,
7804650883647,77707060,
7804650883135,77704106,
7804650883081,77704265,
7804650882305,77705047,
7804650881971,77702069,
7804650881926,77705046,
7804650881711,77705162,
7804650881490,77700617,
7804650881476,77706606,
7804650881377,77705801,
7804650881360,77705791,
7804650881315,77706017,
7804650881223,77705606,
7804650881216,77705611,
7804650881193,77700529,
7804650881100,77701298,
7804650880783,77702583,
7804650880776,77704292,
7804650880721,77700403,
7804650880714,77700410,
7804650880417,77702344,
7804650880301,77700417,
7804650880233,77704560,
7804650880066,77700346,
7804650880035,77703692,
7804647000316,77706101,
7804646030321,77705482,
7804641460048,77702090,
7804640561579,77702288,
7804640561326,77704132,
7804640561111,77704297,
7804640561043,77700072,
7804640561029,77700510,
7804640560909,77704286,
7804640560862,77700388,
7804640560763,77701576,
7804640560640,77700411,
7804640560572,77704990,
7804640560541,77700747,
7804640560350,77701566,
7804639011115,77706164,
7804639010071,77701129,
7804639010064,77701128,
7804638260156,77703786,
7804637360819,77707112,
7804637360789,77707113,
7804637360536,77705930,
7804637360055,77705200,
7804636590200,77701472,
7804636590170,77706876,
7804636590125,77701903,
7804636190103,77701247,
7804633500516,77703115,
7804633500233,77703817,
7804633500219,77703975,
7804629440321,77706052,
7804629440307,77706224,
7804629440161,77705040,
7804629440079,77700109,
7804629440055,77700399,
7804629440048,77700184,
7804628610008,77702557,
7804626970616,77706348,
7804626970142,77706346,
7804625951142,77702483,
7804625951135,77702482,
7804625951043,77702029,
7804625950442,77705249,
7804621200541,77705300,
7804621200169,77705077,
7804621200121,77705076,
7804620835676,77706167,
7804620835652,77703578,
7804620835232,77700285,
7804620835072,77706537,
7804620834600,77705484,
7804620834310,77703142,
7804620834297,77703994,
7804620834280,77702997,
7804620834129,77700361,
7804620834105,77700352,
7804620834099,77703613,
7804620834020,77703208,
7804620833986,77706073,
7804620833856,77706683,
7804620833849,77700068,
7804620833634,77700400,
7804620833474,77705207,
7804620833450,77707066,
7804620833177,77702493,
7804620833160,77706685,
7804620833085,77701429,
7804620832972,77706609,
7804620832781,77700062,
7804620832538,77701637,
7804620832514,77701565,
7804620832446,77700615,
7804620832408,77701518,
7804620831890,77701178,
7804620831807,77700791,
7804620831760,77700622,
7804620831456,77703604,
7804620831401,77705737,
7804620831265,77704478,
7804620831227,77700468,
7804620831210,77703000,
7804620831135,77704260,
7804620831074,77702755,
7804620831036,77702469,
7804620830527,77704797,
7804620830343,77700793,
7804620830299,77701386,
7804620830190,77700058,
7804620830183,77700050,
7804620590124,77701951,
7804620590094,77701950,
7804614931988,77706755,
7804614931919,77703992,
7804614931902,77706753,
7804614931834,77701389,
7804614931513,77706752,
7804614931469,77702193,
7804614931438,77702182,
7804614931421,77702178,
7804614931391,77705488,
7804614931384,77702933,
7804614930981,77701547,
7804614930875,77702980,
7804614930370,77707362,
7804614930103,77702974,
7804614930097,77702949,
7804614181901,77706102,
7804612011668,77703717,
7804612011644,77703490,
7804612010913,77707260,
7804612010906,77707259,
7804612010616,77706039,
7804612010029,77702518,
7804611572320,77701114,
7804611571668,77706347,
7804611190111,77700946,
7804611060582,77701242,
7804611060575,77700465,
7804606510665,77705987,
7804606510498,77705147,
7804606510481,77705148,
7804606510412,77706300,
7804606510221,77703380,
7804603532431,77707103,
7804602070279,77704161,
7804602070101,77701421,
7803510003195,77703484,
7803510002266,77701453,
7803510000590,77701447,
7803504421820,77702735,
7803504421813,77704061,
7803504005075,77705742,
7803504004900,77703430,
7803504002043,77700903,
7803504001862,77705431,
7803504001763,77704711,
7803504001701,77704469,
7803504001565,77705481,
7803504001077,77702119,
7803504000575,77702736,
7803504000261,77705726,
7803504000162,77700277,
7803504000117,77703255,
7803504000056,77700746,
7803501004422,77701443,
7803501004323,77701069,
7803501004279,77706343,
7803501004248,77704382,
7803501004026,77707185,
7803501003890,77700573,
7803501003739,77703362,
7803501003722,77703365,
7803501003715,77701442,
7803501003708,77701243,
7803501003623,77701071,
7803501003234,77704058,
7803501001865,77704096,
7801000262008,77702059,
7801000257752,77702060,
7801000253648,77700192,
7801000248880,77702061,
7801000239543,77706953,
7801000231882,77700188,
7801000120414,77702141,
7801000102557,77706946,
7801000102328,77706947,
7801000001898,77702105,
7801000001171,77701307,
7801000000631,77704113,
7800097980451,77701193,
7800097003808,77701876,
7800097003464,77706015,
7800097003310,77706022,
7800097002177,77705351,
7800097001927,77706919,
7800097001897,77703039,
7800097001880,77704674,
7800097001484,77706558,
7800097001460,77700282,
7800097001415,77701465,
7800097001347,77701967,
7800097001330,77701966,
7800097000449,77701965,
7800097000432,77701960,
7800097000401,77701192,
7800090000095,77704251,
7800086808704,77705107,
7800086808209,77701598,
7800086805604,77701595,
7800086801309,77701364,
7800086797022,77704581,
7800086795202,77704434,
7800086768800,77704985,
7800086764307,77703659,
7800086746402,77704172,
7800086743401,77707182,
7800086743302,77700043,
7800086740707,77701601,
7800086738407,77703473,
7800086730609,77703466,
7800086726602,77700284,
7800086715101,77700704,
7800086712704,77705599,
7800086710908,77702966,
7800086708004,77702813,
7800086707304,77705511,
7800086707106,77703868,
7800086706604,77701574,
7800086706208,77700339,
7800086705805,77701277,
7800086705102,77705472,
7800086703108,77701829,
7800078010313,77702609,
7800078010276,77702564,
7800078010221,77700082,
7800078010146,77703860,
7800078010139,77700840,
7800078000734,77701657,
7800078000703,77700073,
7800078000666,77702068,
7800078000659,77701995,
7800078000550,77701556,
7800078000451,77701633,
7800070006154,77703622,
7800070005010,77703120,
7800070004785,77703389,
7800070004716,77703661,
7800070004648,77706513,
7800070004600,77703662,
7800070004556,77702122,
7800070004457,77701940,
7800070004228,77706823,
7800070001999,77706233,
7800070001777,77704613,
7800070001760,77704611,
7800070001586,77704361,
7800070001302,77704966,
7800070000718,77702611,
7800070000541,77701879,
7800070000206,77704075,
7800070000152,77704078,
7800070000121,77703020,
7800070000077,77702218,
7800070000039,77704072,
7800068120121,77707209,
7800068070327,77705530,
7800068032721,77705353,
7800068031878,77703180,
7800068030895,77702075,
7800068030468,77701634,
7800068030291,77703952,
7800068030031,77700070,
7800068017667,77705012,
7800068017650,77705011,
7800068015823,77706058,
7800068014932,77702045,
7800068014901,77702046,
7800068014307,77705633,
7800068014284,77703175,
7800068014208,77705502,
7800068014116,77700778,
7800068014048,77705501,
7800068014024,77705407,
7800068013409,77704549,
7800068013041,77706416,
7800068012556,77706680,
7800068012488,77703528,
7800068012471,77703529,
7800068012136,77702788,
7800068012129,77702789,
7800068012075,77702823,
7800068011535,77702321,
7800068011474,77702228,
7800068011429,77702256,
7800068011221,77704062,
7800068011153,77705069,
7800068010903,77704786,
7800068010798,77703577,
7800068010552,77700779,
7800068010514,77703092,
7800068010477,77703095,
7800068010446,77703093,
7800068010279,77703441,
7800068010095,77701895,
7800068010071,77703094,
7800067015725,77705759,
7800067000868,77701893,
7800067000318,77701375,
7800065815655,77702632,
7800065815648,77702633,
7800065000310,77700567,
7800065000075,77701668,
7800065000051,77706727,
7800063360096,77704708,
7800063360034,77701863,
7800063330549,77704864,
7800063330525,77702210,
7800063330358,77700698,
7800063330242,77700767,
7800063330167,77700772,
7800063325163,77706061,
7800063320137,77702454,
7800063316147,77703437,
7800063315775,77703439,
7800063312521,77703798,
7800063311746,77706230,
7800063311180,77707314,
7800063311104,77704668,
7800063310763,77707317,
7800063310756,77707313,
7800063310749,77707315,
7800063310589,77705060,
7800063310541,77705777,
7800063310183,77701029,
7800063310176,77702743,
7800063310138,77705899,
7800063310114,77705898,
7800063160061,77701531,
7800063160016,77700065,
7800063130279,77700330,
7800063130156,77701275,
7800063130101,77700384,
7800063120669,77704007,
7800063120324,77701420,
7800063120317,77701419,
7800063116723,77704118,
7800063116617,77700360,
7800063116594,77703181,
7800063116549,77705787,
7800063116402,77704477,
7800063116099,77703183,
7800063115139,77702056,
7800063111995,77700055,
7800063111902,77704284,
7800063111872,77704295,
7800063111803,77705736,
7800063111599,77700614,
7800063111353,77705430,
7800063111223,77704579,
7800063111179,77704799,
7800063111100,77703465,
7800063110929,77702305,
7800063110844,77703177,
7800063110806,77702472,
7800063110714,77702145,
7800063003122,77704577,
7800063001975,77703058,
7800063001951,77703057,
7800063001746,77705625,
7800063001401,77704656,
7800063001180,77703964,
7800063000848,77703963,
7800063000121,77706059,
7800062003963,77700850,
7800062002430,77700332,
7800062002294,77701621,
7800062002270,77704178,
7800062002178,77703878,
7800062002058,77704176,
7800062001983,77701602,
7800062001891,77705955,
7800062001860,77701612,
7800062001853,77700169,
7800061001656,77704787,
7800061000772,77707118,
7800060700765,77705810,
7800060700680,77705811,
7800060700659,77700908,
7800060700574,77700907,
7800060700413,77700432,
7800060700338,77700433,
7800060421103,77702638,
7800060421028,77702639,
7800060417267,77702664,
7800060416451,77702637,
7800060413863,77707299,
7800060413351,77704318,
7800060412972,77701555,
7800060412897,77701553,
7800060411920,77701001,
7800060411814,77700995,
7800060410848,77704317,
7800060410688,77704316,
7800060410336,77702657,
7800060410091,77706731,
7800060409835,77707342,
7800060409408,77706820,
7800060405929,77702645,
7800060405684,77702481,
7800060405417,77702477,
7800060403987,77702649,
7800060403475,77702662,
7800060403208,77702658,
7800060403123,77702659,
7800060158658,77700246,
7800060156012,77700375,
7800060155558,77700337,
7800060152885,77704937,
7800060152458,77704957,
7800060152021,77704938,
7800060149151,77706870,
7800060149076,77706871,
7800060148932,77706866,
7800060148697,77706869,
7800060148420,77706864,
7800060148260,77706865,
7800060147966,77706863,
7800060147881,77706860,
7800060147614,77706859,
7800060147379,77706857,
7800060146723,77702615,
7800060146648,77702614,
7800060146488,77703280,
7800060145597,77706533,
7800060145405,77706532,
7800060145245,77706534,
7800060142145,77701508,
7800060142060,77701507,
7800060140608,77705105,
7800060138704,77705754,
7800060137578,77703885,
7800060137226,77703233,
7800060137141,77703234,
7800060136090,77704935,
7800060134126,77707340,
7800060132696,77706047,
7800060132504,77706045,
7800060132429,77706044,
7800060132184,77707353,
7800060130050,77705849,
7800060129986,77705848,
7800060129719,77704651,
7800060129559,77701319,
7800060127265,77706862,
7800060126886,77704939,
7800060126534,77707351,
7800060126459,77707350,
7800060125995,77707339,
7800060125803,77707338,
7800060125315,77705103,
7800060125131,77701290,
7800060124677,77703446,
7800060122895,77706867,
7800060122383,77700299,
7800060122215,77700304,
7800060122031,77704653,
7800060120686,77704726,
7800060120518,77704728,
7800060120334,77702853,
7800060119406,77701318,
7800060118355,77701287,
7800060118270,77701288,
7800060117549,77704219,
7800060117464,77700370,
7800060117211,77704256,
7800060117204,77706978,
7800060117112,77706980,
7800060116917,77701978,
7800060116818,77702328,
7800060115927,77700381,
7800060115842,77701108,
7800060114449,77703727,
7800060114364,77701106,
7800060113985,77705969,
7800060113121,77704218,
7800060112902,77701979,
7800060112582,77700219,
7800060111851,77704221,
7800060111189,77700369,
7800060040571,77705113,
7800060040144,77705130,
7800060039803,77706624,
7800060039056,77707266,
7800060038912,77707267,
7800060035652,77704956,
7800060033528,77705128,
7800060019652,77706977,
7800060018174,77701440,
7800060015302,77706651,
7800060015210,77706764,
7800060009912,77703472,
7800060009363,77703626,
7800060009301,77703747,
7800060007130,77701439,
7800060003682,77700101,
7800060003408,77704959,
7800060003316,77705114,
7800060003309,77705115,
7800060003248,77706623,
7800060003231,77706622,
7800060003194,77705495,
7800060003187,77705493,
7800060003095,77700806,
7800060003071,77701563,
7800060003057,77700636,
7800060003026,77705547,
7800059197200,77704277,
7800059194155,77707013,
7800059193103,77707007,
7800059178056,77705875,
7800059165308,77704877,
7800059148103,77701010,
7800059121762,77707020,
7800059118151,77705877,
7800059006526,77702302,
7800059006281,77704753,
7800059005574,77705826,
7800059005468,77704171,
7800059004409,77707052,
7800059004270,77702567,
7800059003754,77707197,
7800059003341,77705825,
7800059003143,77704287,
7800059003068,77703088,
7800059003044,77703037,
7800059003037,77702849,
7800059002597,77702309,
7800059002351,77706598,
7800059002023,77706341,
7800059001569,77706035,
7800059001033,77703636,
7800058543206,77703096,
7800058535652,77701092,
7800058307433,77705517,
7800058205005,77705518,
7800058000433,77703171,
7800057001875,77701778,
7800056003771,77705682,
7800055907810,77700788,
7800055880885,77706696,
7800055001037,77704641,
7800055001006,77702696,
7800055000887,77706992,
7800055000764,77706699,
7800055000115,77707300,
7800055000092,77704640,
7800054001991,77702740,
7800054001724,77707343,
7800050306496,77704241,
7800050306427,77705417,
7800050306304,77705504,
7800050302856,77705970,
7800050301309,77703068,
7800050300807,77702235,
7800050300401,77701667,
7800050300302,77701662,
7800050300012,77700147,
7800050003364,77704605,
7800050002978,77703228,
7800050002756,77702146,
7800050002718,77702025,
7800050002701,77705090,
7800050002695,77700158,
7800050002657,77704607,
7800050002633,77701970,
7800050002626,77700133,
7800050002619,77700134,
7800050002572,77702151,
7800050002527,77700602,
7800050002411,77703330,
7800050002282,77705785,
7800050002275,77705784,
7800050001964,77705402,
7800050001940,77703225,
7800050001889,77704609,
7800050001537,77707082,
7800050001315,77701664,
7800050001292,77705954,
7800050001285,77704913,
7800050001278,77704912,
7800050001117,77707002,
7800050001032,77700894,
7800050000868,77702874,
7800050000776,77701661,
7800050000578,77701543,
7800050000370,77707058,
7800050000110,77702870,
7800048000016,77703620,
7800046004634,77704298,
7800046004573,77703264,
7800046004283,77704963,
7800046004184,77703588,
7800046004078,77704460,
7800046003842,77702806,
7800046003699,77700860,
7800046003538,77704281,
7800046002951,77704800,
7800046002494,77706748,
7800046002432,77700975,
7800046002296,77701428,
7800046002180,77700056,1300000000
7800046002067,77703616,
7800046001893,77704263,
7800046001701,77706745,
7800046001343,77702065,
7800046001244,77706985,
7800046001107,77701973,
7800046000803,77704670,
7800046000278,77705385,
7800045001818,77702446,
7800044002106,77705782,
7800044002007,77704543,
7800044001604,77706404,
7800044001550,77707128,
7800044000423,77700032,
7800042803750,77701345,
7800042803668,77706094,
7800042131112,77704248,
7800042111046,77704413,
7800042000166,77701444,
7800041047629,77704840,
7800041047438,77707358,
7800041047421,77707357,
7800041047414,77707356,
7800041047322,77706602,
7800041045526,77705531,
7800041045519,77705534,
7800041045502,77705533,
7800041045366,77705332,
7800041043966,77703589,
7800041043928,77703599,
7800041043874,77703593,
7800041043850,77703595,
7800041043782,77703591,
7800041043768,77703594,
7800041043393,77703098,
7800041042853,77702825,
7800041040873,77701493,
7800041040842,77701179,
7800041040637,77700347,
7800041040620,77700356,
7800039219427,77703889,
7800039200555,77703136,
7800039200548,77703138,
7800038046826,77706207,
7800038046048,77702998,
7800038045300,77705281,
7800038044907,77705006,
7800038044808,77704394,
7800038044723,77704349,
7800038044679,77704350,
7800038043481,77703376,
7800038042293,77702298,
7800038042286,77702297,
7800038041852,77701628,
7800038041104,77700768,
7800038040251,77700229,
7800038040176,77700718,
7800038000842,77706664,
7800038000798,77705947,
7800038000682,77707033,
7800038000507,77703367,
7800038000163,77706096,
7800038000095,77701081,
7800038000033,77701483,
7800035532735,77704384,
7800034519201,77701535,
7800034519171,77703464,
7800034518204,77702424,
7800034514398,77705298,
7800034510802,77701643,
7800033080870,77702404,
7800033080634,77700437,
7800033040584,77700429,
7800033016305,77700439,
7800033016206,77700438,
7800033001431,77701332,
7800033001424,77701324,
7800033001417,77701322,
7800033001318,77701336,
7800033001295,77701326,
7800033001288,77701334,
7800033001219,77706517,
7800033001127,77701340,
7800033000953,77700440,
7800033000458,77705646,
7800033000441,77705647,
7800033000045,77705838,
7800032308982,77703767,
7800032004037,77704069,
7800032003665,77706511,
7800032003641,77706507,
7800032003566,77706510,
7800032003412,77702721,
7800032002743,77702718,
7800032001159,77702790,
7800032000411,77704898,
7800031168150,77706006,
7800031168075,77706005,
7800031001457,77701317,
7800031001266,77703357,
7800030078306,77701986,
7800030078207,77702459,
7800030078108,77702458,
7800030074605,77703891,
7800029818180,77702395,
7800029807139,77700642,
7800029003722,77707238,
7800029002657,77701890,
7800029002626,77702943,
7800029002404,77704802,
7800029001612,77706899,
7800029000868,77701982,
7800029000301,77700659,
7800028910137,77704646,
7800028860135,77705962,
7800028842346,77705907,
7800028810246,77705447,
7800028310173,77704837,
7800028009381,77700104,
7800028005321,77705259,
7800028003495,77705631,
7800028003303,77704823,
7800028002863,77705632,
7800028002757,77700095,
7800028002740,77700094,
7800028002719,77705909,
7800028002511,77701943,
7800028002412,77706837,
7800028002122,77705648,
7800028001996,77701286,
7800028001842,77703321,
7800028001811,77703305,
7800028001743,77702250,
7800028001279,77703314,
7800028001231,77704838,
7800028001194,77706408,
7800028001187,77706407,
7800028001125,77704635,
7800028000791,77704831,
7800026886458,77706932,
7800026798737,77703101,
7800026789858,77704904,
7800026789452,77702332,
7800026789445,77702333,
7800026772485,77706930,
7800026772478,77706935,
7800026772461,77706943,
7800026772416,77706940,
7800026758649,77701354,
7800026698723,77705857,
7800026660089,77700017,
7800026658932,77704972,
7800026547816,77700733,
7800026542644,77704068,
7800026457887,77706847,
7800026457825,77703220,
7800026457818,77703221,
7800026425893,77707305,
7800026425886,77707304,
7800026258705,77704490,
7800026254875,77705050,
7800026248737,77706251,
7800026245781,77700454,
7800026219638,77702512,
7800026214787,77705023,
7800026214572,77705237,
7800026211021,77701383,
7800026211014,77701394,
7800026190180,77706888,
7800026159873,77701803,
7800026159866,77701801,
7800026124413,77706202,
7800026124123,77706938,
7800026124109,77706937,
7800026123584,77701380,
7800026123577,77701396,
7800026123515,77701391,
7800026123485,77706939,
7800026122341,77706201,
7800026111130,77702794,
7800026111123,77702791,
7800026090657,77702434,
7800026089743,77701524,
7800026062197,77705497,
7800026053133,77703498,
7800026030103,77701919,
7800026029909,77700492,
7800026029893,77702407,
7800026029657,77701393,
7800026029640,77701398,
7800026029633,77701382,
7800026029022,77700493,
7800026028377,77704236,
7800026028216,77705807,
7800026026465,77706399,
7800026026106,77705994,
7800026025529,77703008,
7800026024966,77700514,
7800026024942,77700515,
7800026024560,77701416,
7800026021644,77707243,
7800026020951,77706895,
7800026020623,77703531,
7800026020470,77706397,
7800026020364,77703721,
7800026019184,77700039,
7800026017982,77705602,
7800026017739,77702098,
7800026017722,77702097,
7800026017715,77702099,
7800026017364,77705963,
7800026016213,77701376,
7800026016183,77701804,
7800026015582,77702984,
7800026015551,77700755,
7800026015483,77700574,
7800026015469,77700771,
7800026015261,77700038,
7800026015223,77700040,
7800026015162,77700541,
7800026015070,77700103,
7800026013472,77705689,
7800026013137,77701780,
7800026013120,77701779,
7800026013106,77701784,
7800026013090,77706542,
7800026013021,77700853,
7800026012147,77702436,
7800026012000,77700048,
7800026011805,77706143,
7800026011676,77704224,
7800026011669,77704223,
7800026010914,77705621,
7800026009864,77705856,
7800026009741,77705498,
7800026009222,77702205,
7800026008812,77701378,
7800026007778,77701215,
7800026007747,77701211,
7800026007730,77706942,
7800026007723,77706941,
7800026007716,77706944,
7800026007693,77706934,
7800026007679,77706936,
7800026007662,77706931,
7800026007464,77702581,
7800026007228,77705499,
7800026006887,77705933,
7800026006672,77705744,
7800026006665,77705649,
7800026006528,77707295,
7800026006290,77703031,
7800026006283,77707294,
7800026006245,77706357,
7800026006238,77706356,
7800026006207,77704575,
7800026005989,77702793,
7800026005897,77703668,
7800026005521,77700131,
7800026005439,77704274,
7800026005132,77700248,
7800026005125,77700247,
7800026004968,77701939,
7800026003732,77706092,
7800026002926,77707291,
7800026002841,77701694,
7800026002346,77704412,
7800026001394,77703100,
7800026001257,77705626,
7800026001080,77700461,
7800026000991,77706889,
7800025306018,77701954,
7800025073217,77704446,
7800023226516,77704499,
7800023226493,77701163,
7800023000017,77705083,
7800022012950,77704589,
7800020187933,77705539,
7800020187926,77706611,
7800020187834,77706612,
7800020187506,77700486,
7800020186936,77706848,
7800020184376,77706138,
7800020173981,77700555,
7800020167218,77700699,
7800020162237,77702608,
7800020161865,77704845,
7800020070631,77706090,
7800020063077,77705560,
7800020063046,77705559,
7800020059711,77704244,
7800020048319,77702195,
7800020018411,77705066,
7800020017810,77705341,
7800019022580,77704309,
7800019012048,77701404,
7800019010860,77700143,
7800019010198,77701399,
7800019000199,77700144,
7800018600666,77703740,
7800018188751,77704559,
7800018188126,77703238,
7800018187945,77704863,
7800018185231,77705617,
7800018184678,77706150,
7800018179148,77703334,
7800018179131,77703339,
7800018175942,77706431,
7800018174709,77704036,
7800018163697,77705043,
7800018163352,77706767,
7800018162249,77704391,
7800018161273,77703310,
7800018161266,77703307,
7800018160702,77703573,
7800018160542,77704553,
7800018160436,77703337,
7800018159430,77702422,
7800018159300,77705948,
7800018157030,77700086,
7800018150758,77701484,
7800018150741,77701486,
7800018130705,77703119,
7800018128979,77703135,
7800018128191,77702695,
7800018126609,77706255,
7800018125244,77706678,
7800018124148,77706257,
7800018123356,77702418,
7800018119090,77702426,
7800018117225,77704388,
7800018114927,77703886,
7800018114828,77703080,
7800018107431,77704982,
7800018000923,77701899,
7800018000299,77700084,
7800018000251,77702425,
7800017099430,77700938,
7800017097443,77700934,
7800017074437,77706591,
7800017072259,77702678,
7800017063530,77703638,
7800017063424,77701273,
7800017063257,77702683,
7800017061253,77702674,
7800017060256,77702691,
7800017055252,77702689,
7800017054453,77702668,
7800017052428,77701271,
7800017044409,77701750,
7800017043402,77701749,
7800017041255,77702685,
7800017025286,77702698,
7800017018219,77704932,
7800017012651,77703631,
7800017005431,77703282,
7800016000192,77707346,
7800014020307,77706089,
7800014020000,77706842,
7800014000392,77702485,
7800010040101,77703354,
7800010006954,77702118,
7800008150157,77702926,
7800008110182,77700931,
7800008100039,77702996,
7800008040052,77700930,
7800008012158,77706212,
7800008011830,77706169,
7800008011786,77706170,
7800008010642,77703812,
7800008010529,77703035,
7800008010505,77703034,
7800008010055,77703427,
7800008000902,77701259,
7800008000643,77706436,
7800008000292,77704273,
7800008000087,77705580,
7800007808929,77703491,
7800007806772,77705145,
7800007806765,77700628,
7800007806185,77701300,
7800007805362,77703707,
7800007805355,77703708,
7800007805102,77701842,
7800007804174,77705004,
7800007804143,77703076,
7800007803993,77704733,
7800007803337,77705951,
7800007803320,77701357,
7800007803207,77705007,
7800007802972,77700902,
7800007802880,77700240,
7800007802712,77705209,
7800007802446,77703521,
7800007802439,77703527,
7800007802415,77700526,
7800007802408,77700524,
7800007801852,77702399,
7800007801838,77702402,
7800007801791,77702278,
7800007801784,77707030,
7800007801722,77704290,
7800007801708,77704699,
7800007793249,77702226,
7800007792358,77705028,
7800007791467,77700596,
7800007790651,77704806,
7800007788672,77700435,
7800007787941,77703525,
7800007787866,77703523,
7800007783448,77702563,
7800007782984,77702225,
7800007782120,77700321,
7800007775931,77700366,
7800007775696,77703519,
7800007772831,77701930,
7800007772244,77701987,
7800007771513,77703526,
7800007766007,77701032,
7800007762368,77702224,
7800007757876,77702605,
7800007753458,77707004,
7800007752994,77700656,
7800007750785,77703078,
7800007747211,77707364,
7800007744708,77700320,
7800007744623,77700319,
7800007739032,77706197,
7800007736369,77701074,
7800007729743,77700414,
7800007727534,77700142,
7800007723703,77704169,
7800007723628,77704168,
7800007723543,77704166,
7800007714046,77707005,
7800007713827,77706633,
7800007713667,77705013,
7800007713230,77703962,
7800007712691,77703421,
7800007712424,77702802,
7800007711960,77702804,
7800007711298,77706034,
7800007711021,77706031,
7800007701817,77701083,
7800007699305,77702279,
7800007697523,77700593,
7800007695239,77705297,
7800007692726,77702007,
7800007691163,77704873,
7800007687050,77700578,
7800007685001,77700711,
7800007684622,77702397,
7800007678492,77701901,
7800007662224,77705094,
7800007661845,77705092,
7800007661333,77704032,
7800007660442,77700359,
7800007660282,77705891,
7800007640925,77705585,
7800007616388,77705973,
7800007616036,77705976,
7800007525154,77707354,
7800007500595,77707355,
7800007494412,77706198,
7800007431172,77705550,
7800007392176,77706665,
7800007368973,77700709,
7800007313645,77701813,
7800007188212,77701169,
7800007168610,77703247,
7800007164544,77702607,
7800007155986,77700845,
7800007143709,77701642,
7800007143112,77700844,
7800007126610,77702599,
7800007112583,77700044,
7800007111265,77704681,
7800007110459,77701764,
7800007109521,77704030,
7800007109446,77704034,
7800007107824,77705889,
7800007104137,77703400,
7800007100573,77705438,
7800006010705,77701847,
7800006010323,77706113,
7800006010217,77706184,
7800006010170,77705344,
7800006009983,77706114,
7800006009914,77702432,
7800006008993,77702882,
7800006007545,77704420,
7800006007538,77701478,
7800006006678,77701170,
7800006006517,77706352,
7800006006500,77706353,
7800006005619,77701755,
7800006005220,77700909,
7800006004926,77706351,
7800006004421,77704393,
7800006003769,77702213,
7800006003745,77705458,
7800006003028,77707073,
7800006002960,77705477,
7800006002908,77700494,
7800006002724,77700495,
7800006002564,77704039,
7800006000171,77706354,
7800006000010,77701127,
7800005064020,77705236,
7800004509508,77704043,
7800004508396,77701235,
7800004500826,77706476,
7800004500819,77706469,
7800004500277,77702173,
7800004500260,77702170,
7800004413003,77707070,
7800004261536,77702171,
7800004261529,77702169,
7800004241453,77701237,
7800004032983,77705824,
7800004031245,77706475,
7800004004881,77703144,
7800004004874,77703143,
7800004004140,77705243,
7800004004133,77705244,
7800004004089,77702051,
7800004002603,77702052,
7800004001811,77706468,
7800004000722,77705232,
7800002011911,77704228,
7800002003183,77705347,
7800002003176,77705346,
7800001900407,77700306,
7800001900384,77701297,
7800001900346,77701295,
7800001900193,77700307,
7800001540009,77707069,
7800001005355,77706105,
7800001004839,77705901,
7800001004044,77706104,
7800001003931,77702021,
7800001001852,77704339,
7800001000701,77700308,
7800001000404,77705049,
7798092890335,77701026,
7798092890212,77702393,
7798092890175,77702392,
7798092890168,77704163,
7798092890137,77704160,
7798032937779,77706676,
7798021296214,77704173,
7798009270090,77705304,
7795990001337,77701374,
7795990001313,77701371,
7795380002425,77704170,
7795373015913,77703748,
7795373015746,77706087,
7795373015593,77704634,
7795373013780,77703110,
7795373013346,77704631,
7795373013285,77706722,
7795373011977,77707310,
7795373010062,77700442,
7795373001824,77706306,
7795373001220,77703753,
7795373000407,77707261,
7795373000322,77700834,
7795368002607,77706672,
7795368001815,77701028,
7795345012834,77707045,
7795345011455,77705224,
7795320000153,77707250,
7795320000054,77704867,
7795312001557,77702900,
7795304866539,77704622,
7795304024243,77701097,
7795304018136,77701094,
7794640171901,77702499,
7793640992479,77700115,
7793640992462,77700120,
7793640991762,77707248,
7793640234357,77701202,
7793640216094,77700113,
7793640211464,77701116,
7793640002543,77700590,
7792183488968,77706232,
7792183488852,77705614,
7792183488845,77705615,
7792183488777,77705075,
7792183488760,77705074,
7792183186376,77706231,
7792183000818,77702199,
7792183000801,77702198,
7792086416440,77706706,
7756459000438,77702934,
7756281000217,77702034,
7750307001059,77701611,
7750215000052,77706320,
7730979097031,77707273,
7730979097024,77707275,
7730979095556,77703390,
7730979092432,77705581,
7730969304309,77705605,
7730969303715,77701445,
7730969300974,77704278,
7730969300912,77701793,
7730969300677,77705604,
7730963251524,77705766,
7730963251517,77705761,
7730963251029,77705767,
7730963251012,77705762,
7730900993159,77702015,
7730900992923,77702014,
7730900992916,77702016,
7730698020730,77706423,
7730698016580,77703918,
7730698014807,77707227,
7730698012131,77702128,
7730698011257,77701796,
7730698002293,77704881,
7707239278677,77703845,
7707239278073,77702945,
7707239276222,77702283,
7707239276000,77702282,
7707239275973,77703462,
7707239275805,77705758,
7707239275232,77702154,
7707239270206,77705818,
7707239270077,77705167,
7707239270022,77703070,
7707236675882,77703139,
7707236674274,77705229,
7707236127497,77703477,
7707141300145,77701603,
7703381003365,77704344,
7703281020127,77706631,
7703281002185,77700280,
7702433291729,77707228,
7702418005082,77703237,
7699859480007,77700832,
7640162325806,77706375,
7640162323024,77706378,
7612797508381,77705390,
7612791401763,77702437,
7506309862095,77706925,
7506309839202,77706922,
7502010422641,77705471,
7501303451528,77704678,
7501298224985,77702684,
7501298213699,77702237,
7501287624932,77706878,
7501287624925,77706877,
7501287600097,77701177,
7501277030095,77704852,
7501277030088,77704851,
7501165007956,77703173,
7501159731133,77702363,
7501159033442,77702366,
7501159033312,77702369,
7501098609814,77704947,
7501098607575,77700837,
7501098606943,77700835,
7501098606929,77700839,
7501080912274,77706295,
7501080912076,77706296,
7501033962561,77705995,
7501033962554,77705992,
7501033959332,77704337,
7501033959301,77706761,
7501033958441,77700854,
7501033958434,77700855,
7501033956782,77705415,
7501033956768,77705413,
7501033956713,77705411,
7501033956706,77705410,
7500435221047,77704930,
7500435221030,77704929,
7460536557417,77702330,
7460536557301,77703809,
7350012551292,77700921,
7321831681590,77706147,
7321831681583,77706146,
6923326888012,77700562,
6419587204451,77700046,
6221076161530,77706596,
6091403215492,77706372,
5997001309728,77704064,
5413895042348,77706641,
5413895024740,77702355,
5411834424453,77705636,
5411834423456,77705634,
5290931016002,77705608,
5290931013759,77702575,
5290931013643,77702569,
5290931013483,77706710,
5290931011557,77701285,
5204033049257,77700823,
5060292652122,77707036,
5052197008555,77702374,
5027314502988,77704755,
5000456013796,77707251,
5000456011488,77705772,
4260095681973,77703913,
4056500111759,77700786,
4054839084621,77700939,
4048864008701,77705567,
4048846011497,77703782,
4048846009647,77706717,
4048846007056,77706715,
4048846003782,77703671,
4048846003508,77704619,
4046964141003,77701619,
4037353776661,77705416,
4037353444447,77704257,
4037353018723,77706252,
4037353017375,77704584,
4037353016484,77704582,
4037353013513,77704583,
4037353006393,77704585,
4037353003552,77703342,
4030539030557,77701610,
4029916001730,77704016,
4022679132246,77704365,
4022679124739,77701142,
4005292009492,77703942,
4005292001427,77706100,
4005292001359,77704760,
4005292000529,77707136,
3596540050096,77703281,
3594456800668,77701836,
3583315558079,77705444,
3582186006702,77702142,
3582186002018,77703756,
3499320007528,77702509,
3499320006576,77706240,
3499320005005,77702510,
3499320003865,77706574,
3499320000703,77704591,
3401599184787,77700944,
3000940449676,77705670,
3000034223519,77703912,
2504001033015,77701009,
2010341003651,77701262,
2000000684567,77707198,
2000000679983,77707231,
2000000678825,77700887,
2000000674421,77700353,
2000000655253,77705387,
1661283862894,77700953,
1626222149716,77706647,
1618000808260,77703407,
1608142283234,77704123,
1599074533675,77704772,
1596914538515,77702088,
1594414545095,77702024,
1594396889547,77701774,
1594396735605,77700979,
1594396684869,77700977,
1593621640385,77705220,
1588621336629,77707050,
1586891199765,77701099,
890603058695,77700336,
850319005032,77703187,
843701221210,77705273,
803878031868,77705591,
803878031394,77700651,
782150965124,77705189,
782150965100,77700075,
782150965094,77707193,
781584321339,77707341,
781159467240,77707077,
781159467233,77707101,
781159467202,77707100,
781159467172,77706825,
781159467165,77706816,
781159467158,77707175,
781159467141,77703451,
781159467134,77704319,
781159467127,77707321,
781159466755,77707078,
780007000084,77702222,
780000900277,77703901,
736085416145,77703973,
736085415742,77702440,
736085415513,77703114,
736085414257,77707306,
736085413694,77703970,
736085413250,77706244,
736085413229,77706719,
736085413182,77700167,
736085413168,77706242,
736085411126,77702438,
736085410648,77706243,
736085402582,77703971,
736085402551,77700001,
650240025822,77704441,
614143780875,77700700,
614143677144,77701190,
614143677137,77701592,
614143677120,77707115,
614143234064,77706117,
614143234026,77706115,
614143234019,77706118,
614143234002,77706116,
606110383103,77707122,
300654147312,77706186,
300650481779,77706389,
79400052926,77701929,
78000331035,77701330,
61700931148,77706790,
61700930509,77706791,
61700915445,77706793,
61700912208,77706792,
48107062927,77704463,
47144054315,77706199,
33984017108,77706220,
33984015401,77706221,
3398400866,77706223,
500013234,77705216,
78116023,77701593,
78030527,77706695,
78026483,77700452,
78022522,77704496,
78012240,77706501,
22130517,77707224,
22130347,77704262,
22130339,77704261,
22130322,77704246,
22130169,77702277,
22130152,77702208,
22130144,77702132,
22130136,77702131,
22130128,77701720,
22130088,77700581,
22130047,77700182,
22130022,77700130,
22110112,77705624,
10030547,77702445,
10030431,77702452,
10030189,77702447,
